Mag Bin,Sector,TIC,Is Real,Comments,Rp,Tc,Depth,Duration,Tau,Rad,Mass,Teff,RA,DEC,Tmag,Vmag,Jmag
12,18,5646747,0,,14.02156448,1814.311436,0.008880617,5.546121978,1.380058055,1.35264,0.95499998,5461.25,32.70606845,27.44527959,11.7921,12.524,11.043
12,18,10429806,0,,15.81914213,1814.647608,0.006778815,3.448848313,0.292495225,1.74668,1.45,6760,28.46200614,63.23957756,11.8969,12.448,11.207
12,18,11157486,1,EB,41.0922156,1800.880555,0.032824854,9.96405657,4.850277959,2.0618899,,8054,29.60476141,60.43071278,11.9585,12.7,11.055
12,18,12004160,0,,25.58051691,1814.689026,0.048792128,2.695764137,0.502538508,1.05279,1.346,6531,31.11767008,62.73208291,11.4536,12.052,10.804
12,18,13089158,0,Blend,21.80259753,1812.955259,0.005560426,7.297395643,0.727067006,2.65804,1.3099999,6463,36.08745707,60.01619317,11.1486,12.222,10.283
12,18,13089204,0,Blend,29.40531547,1812.948851,0.018077279,8.092916049,1.287938647,1.98823,1.24,6318,36.03392224,60.00107696,11.9561,12.818,11.092
12,18,13216158,0,J,16.57045957,1802.18133,0.007432566,3.185098117,0.303844775,1.7473201,1.0700001,5895,344.041791,64.07723191,11.8202,12.82,10.942
12,18,13351352,0,,18.0557129,1812.719936,0.032737641,14.09344336,6.796629352,0.90719002,0.91799998,5325,36.56992867,61.80522475,11.5623,12.323,10.764
12,18,13532760,0,J,8.560163361,1814.602339,0.009994981,6.348814046,0.60671637,0.77839202,0.85299999,5087,36.93881565,60.15663397,11.74,12.5422,10.91
12,18,13703260,0,J,15.09849763,1814.60828,0.009413948,2.292834258,0.227641669,1.41467,1.424,6706,37.42833938,63.69846342,11.3024,11.983,10.566
12,18,13703625,0,J,13.19451074,1814.693855,0.01686858,3.060036853,0.528903403,0.92355198,0.85500002,5096,37.42469733,63.57972955,11.7168,12.522,10.881
12,18,13949576,0,Blend,28.22185826,1793.883061,0.037357317,5.945140613,1.115174538,1.32741,1.229,6285,37.9913457,62.04011575,11.9472,12.59,11.25
12,18,22661539,0,J,13.60812326,1814.814716,0.009945132,3.225127914,0.325305961,1.24051,0.96200001,5488,28.3679599,35.48710786,11.3236,11.871,10.614
12,18,22950641,0,J,18.86210442,1800.511264,0.009529583,7.22838204,0.697869318,1.75655,1.01,5675.6201,59.92518685,29.60802625,11.7895,12.874,10.737
12,18,22952254,0,J,19.85379602,1814.291032,0.015307081,7.561084326,2.756688904,1.45883,1.26,6352.8799,59.9536655,27.13055427,11.0915,11.731,10.242
12,18,22952371,0,J,40.13372054,1814.275681,0.149271117,17.06378766,15.28761954,0.944341,,5278,59.91908074,26.91138615,11.6811,12.72,10.79
12,18,22990459,0,J,24.53096434,1814.25927,0.016702589,5.467809868,1.721283264,1.7255599,1.38,6614.1401,60.13294841,27.42782265,11.0988,11.762,10.498
12,18,22995367,0,,28.70325589,1800.39542,0.044928878,12.80697599,3.208779183,1.23105,1.332,6500.5098,60.18556485,29.21280549,11.4525,12.327,10.531
12,18,22998166,0,J,13.09155047,1814.331447,0.009781017,4.534802125,0.476938345,1.20339,0.97600001,5544.2598,60.25516629,27.33123418,11.6041,12.395,10.77
12,18,22998335,0,J,10.69985775,1814.304264,0.018156904,4.424777954,0.565683906,0.72187901,0.99699998,5626.0498,60.19099655,27.21805217,11.1018,12.041,10.237
12,18,23051870,0,J,31.86399258,1814.081648,0.025005477,9.152870297,1.842703822,1.8318501,0.94,5391,60.41904011,28.26513575,11.9228,12.675,11.162
12,18,28690154,0,,14.53704035,1814.681139,0.006667824,5.166719752,0.413699004,1.61842,1.11,6009,26.63736706,39.07697473,11.7093,12.261,11.108
12,18,28694217,0,J,25.22043942,1800.686374,0.041888038,4.819119777,1.068487257,1.12025,1.13,6064.8198,26.7273771,38.08735402,11.9371,12.414,11.369
12,18,28760172,0,J,9.082533603,1800.74804,0.005646759,5.55209008,0.442210643,1.09879,1.08,5940,27.11274472,39.972968,11.5087,12.075,10.906
12,18,34822925,0,,14.40776098,1800.300622,0.010773864,9.042011733,1.716835535,1.26188,,5588.6201,46.80037383,29.65779034,11.6488,12.536,10.708
12,18,46428508,1,EB,28.99482363,1807.442336,0.022352257,7.500881194,3.823007012,1.76306,1.29,6417.2598,52.68905699,28.12161518,11.6055,12.447,10.932
12,18,49718102,0,J,7.237739176,1814.644722,0.012656156,5.037372366,2.180187382,0.58486998,0.62,3995,38.49633851,62.49799302,11.3869,13.24,10.228
12,18,50361140,0,J,36.14969821,1814.635173,0.039771095,7.936895724,4.294337688,1.64789,1.2309999,6288,40.70300777,61.65595669,11.7781,12.121,11.012
12,18,50448001,0,J,43.15047812,1801.333551,0.082620156,22.41564303,17.94894933,1.36474,1.233,6293,40.47488307,63.60398981,11.4935,11.924,10.777
12,18,50448007,0,J,33.10391553,1801.319535,0.051505494,12.78317734,7.517806841,1.32605,1.171,6158,40.4752983,63.60508824,11.6905,11.903,10.952
12,18,50940698,0,J,18.04979817,1814.711278,0.010325372,4.292707239,0.507816442,1.61483,1.46,6793,41.68403197,62.05912466,11.4852,11.728,10.829
12,18,52041547,0,,9.958437804,1801.988098,0.005041775,2.519075639,0.378113578,1.27499,1.54,7003,14.11277668,65.60354048,11.0807,11.913,10.427
12,18,52704607,0,J,27.02377446,1801.934536,0.011944185,5.889925302,0.805211755,2.24789,1.0700001,5896,17.10225701,60.37608626,11.3948,12.512,10.579
12,18,52714826,0,,21.05619542,1801.839453,0.012304928,3.526680646,0.383068142,1.72563,,7091,17.10596654,63.0030467,11.9512,12.8,11.01
12,18,53615601,0,J,14.19072594,1814.384614,0.008464793,5.918209834,0.52617765,1.40218,0.89600003,5246,17.86119503,65.88902508,11.8901,12.729,11.055
12,18,53708129,0,,14.19863486,1804.733661,0.010217062,3.498852359,1.032853853,1.277,1.242,6311,17.88875407,61.36423426,11.9356,12.477,11.296
12,18,53708157,1,,25.5553459,1804.735701,0.006314202,3.82049367,0.482608402,2.9236801,1.39,6632,17.88535901,61.35423373,11.5035,12.316,10.762
12,18,53969431,0,,9.433111305,1801.915376,0.005574159,4.703417746,0.38845185,1.14861,1.02,5709,18.5324244,61.03183932,11.6993,12.377,10.93
12,18,54056563,0,,14.2181062,1801.96275,0.020004968,4.182310845,1.661306964,0.91386098,0.82800001,4997,18.8454594,65.31358602,11.9492,12.766,11.08
12,18,54882791,0,,14.29161306,1801.945304,0.007786834,3.411264259,0.307646421,1.47234,1.092,5959,21.12587189,63.68497198,11.5961,12.32,10.883
12,18,54993931,0,J,36.86827949,1814.627851,0.028767527,8.25975176,4.023437306,1.9761,3.1900001,11966,21.10015347,60.21133872,11.3846,11.854,10.928
12,18,63310647,0,Blend,13.59675265,1813.62598,0.015153529,7.282156339,2.287125578,1.00412,0.75,4695,30.06673272,35.26887111,11.2999,12.236,10.377
12,18,63344656,0,J,19.6225236,1800.715212,0.012829919,6.686043805,0.713596465,1.57489,1.3,6437,30.19687017,34.80497223,11.3859,12.188,10.808
12,18,63346828,0,J,24.63097761,1814.797142,0.032183806,3.721607377,0.601899659,1.24816,1.28,6387.3901,30.38402038,31.93756692,11.9445,12.526,11.387
12,18,63465688,0,J,18.68000863,1800.697505,0.01170418,9.087577525,1.756660264,1.56969,1.41,6684,31.2949429,34.48667021,11.351,11.826,10.833
12,18,63507012,0,J,11.70583261,1800.69212,0.007591077,3.548492075,0.91426592,1.2214,1,5624.3599,31.88754687,33.5383137,11.5581,12.247,10.831
12,18,63719344,0,,11.64147694,1814.191734,0.005250538,8.313918959,0.609736022,1.4605401,1.0700001,5895,33.95865002,34.94545197,11.5659,12.364,10.889
12,18,65178388,0,,16.18878032,1802.164304,0.007620155,2.971330103,0.299586929,1.68593,1.234,6295,357.9551811,59.79822926,11.571,12.303,10.785
12,18,65179821,0,J,18.15042764,1801.901795,0.007672994,8.935561732,0.745799902,1.8837,1.49,6859,358.2686006,59.49547747,11.2459,11.761,10.636
12,18,67421264,0,,14.02953682,1800.785932,0.003351603,3.204253709,0.235909541,2.2030499,0.98000002,5551.6099,28.79183252,40.22903527,11.0514,11.646,10.38
12,18,67467498,0,J,16.55626533,1814.461992,0.004753963,8.935359877,0.621890149,2.18294,1.33,6496.4702,29.24707413,36.46776638,11.594,12.062,11.024
12,18,67955573,0,,19.55942796,1814.7741,0.054991021,3.708086748,0.725843489,0.758259,0.78899997,4852,26.26204464,38.87627926,11.9723,12.753,11.089
12,18,68151973,1,EB,32.57715324,1804.28504,0.034422231,3.331262758,1.442036394,1.5962501,1.3099999,6459,44.42796136,39.82653097,11.9508,12.447,11.417
12,18,71973503,0,,23.07730632,1814.623583,0.015778798,5.331161931,0.621239784,1.67015,1.048,5822,26.54078208,58.72223635,11.3694,12.066,10.585
12,18,73487678,0,Blend,27.74755572,1812.234183,0.064842862,5.473757069,2.254110606,0.99060601,1.053,5840.0601,38.45394678,34.36074302,11.6615,12.296,11.06
12,18,73692472,0,J,12.21391564,1814.815961,0.008209947,6.792389315,0.899018066,1.22544,1.11,6017,40.07322986,35.06647163,11.4824,11.999,10.879
12,18,73727867,0,,10.87037055,1813.639315,0.003361039,5.570366045,0.533643627,1.7045701,,6575.8301,40.21276322,31.03607301,11.2644,11.893,10.619
12,18,81914429,0,,9.036869085,1814.624827,0.009498301,4.799077375,0.675959934,0.842951,0.85000002,5076,48.09342515,65.36205509,11.4059,12.187,10.567
12,18,82002054,0,J,17.94424958,1790.939589,0.009646109,5.02030892,0.630732186,1.6609499,1.54,7007,48.07963146,63.39619793,11.5998,12.416,10.944
12,18,82173323,0,J,17.60014366,1814.57933,0.028013224,10.85088251,3.469313159,0.95596498,0.86400002,5130,49.38673206,62.58105453,11.8518,12.63,11.007
12,18,82236759,0,J,62.67152519,1801.332679,0.071808439,20.22614724,16.57910906,2.1261301,1.67,7363,49.29579247,63.06065875,11.8242,12.391,11.194
12,18,82374566,0,J,25.73385477,1814.776835,0.021748623,3.333254938,0.439846459,1.58634,1.2,6219,28.11798468,41.6191257,11.7146,12.196,11.185
12,18,82974695,0,,21.93990601,1802.317445,0.013060623,2.450115745,0.285204565,1.74526,0.995,5621,2.28482454,64.51743442,11.5796,12.36,10.777
12,18,83215067,0,J,8.220847775,1802.138898,0.007555515,4.099444869,0.355305855,0.85978901,0.977,5549,2.796535654,65.88572488,11.8575,12.514,11.181
12,18,83420356,0,,24.11290025,1791.782797,0.012054247,1.779933188,0.22316615,1.99658,1.52,6959,3.034642027,63.67647182,11.2988,12.069,10.682
12,18,83522746,0,,10.19911078,1802.038662,0.011907575,2.316308107,0.592449803,0.84968501,0.86900002,5147,3.203156286,64.10651383,11.6779,12.393,10.891
12,18,83529194,0,,26.06046169,1802.195238,0.01323265,5.869600034,0.787191872,2.05952,1.13,6070,3.138575334,62.56221832,11.8213,12.537,11.065
12,18,83732519,0,J,10.09662747,1802.031006,0.00281384,11.7592445,0.637019594,1.73035,0.99400002,5615,3.414191858,65.46357893,11.6142,12.383,10.833
12,18,83800883,0,J,13.10021052,1802.062512,0.013113074,2.483145361,0.328503285,1.04,1.29,6413,3.778714996,65.54301813,11.0288,11.735,10.394
12,18,83803270,0,,15.31296043,1802.237776,0.009852766,2.615833722,0.426820492,1.40245,1.303,6441,3.809841381,64.71303395,11.5131,12.237,10.736
12,18,83804030,0,J,29.51730544,1801.952779,0.01418377,4.204604998,0.832379807,2.25314,1.156,6122,3.798043205,64.48813366,11.1357,11.553,10.483
12,18,83969577,0,J,27.99209367,1802.100431,0.067596899,5.057599599,1.079339883,0.97876698,1.002,5647,3.869090859,64.47584187,11.7812,12.408,10.978
12,18,83970520,0,,14.08893045,1802.260727,0.014593871,3.778865455,0.465102499,1.06023,1.049,5825,3.933384115,64.74639153,11.7068,12.379,11.026
12,18,83971040,0,J,25.61316617,1802.25896,0.009087929,6.243355428,0.578168728,2.4425199,2.01,8201,3.902783833,64.91439586,11.3974,11.621,10.787
12,18,84056923,0,J,56.89972516,1802.229988,0.130065156,6.781715592,5.72924786,1.4342901,,6413,4.12164987,64.79709433,11.7136,12.442,10.879
12,18,84222157,0,J,19.33019809,1802.150696,0.016176746,3.675499292,0.528346798,1.38165,1.665,7340,4.531462103,64.44211311,11.4363,11.837,10.749
12,18,84223335,0,J,28.82766044,1802.043609,0.012034257,3.66860798,0.40114128,2.3889501,1.71,7463,4.38227432,64.79967663,11.7059,12.32,11.053
12,18,85434247,0,,9.927763922,1813.946287,0.00941967,4.134725285,0.427894287,0.92991,1.001,5645.1699,46.69541024,30.02234316,11.7896,12.467,11.059
12,18,94278063,1,Not sure what this is. Seems variable,27.21781603,1800.117441,0.018715546,9.227403947,2.583316302,1.80867,1.39,6622,58.11560803,35.7568623,11.6285,11.358,10.941
12,18,94278637,0,,14.79145261,1814.335012,0.008625358,4.147978983,0.376936115,1.44787,1.14,6087.7002,58.12858033,35.05182741,11.6232,12.275,10.872
12,18,94612803,0,,16.19976662,1813.957536,0.027766754,6.592218716,2.665024761,0.88379902,0.97299999,5533.02,59.57607062,34.6673901,11.4468,12.205,10.673
12,18,94668451,0,,41.99156856,1814.257329,0.08112249,19.88995523,16.6046478,1.34029,1.14,6092.9302,59.69158644,33.95158036,11.7501,12.599,10.845
12,18,94672218,0,J,29.79112222,1814.276785,0.017673437,8.668526167,1.051537265,2.0372,1.41,6665.1899,59.92117804,30.3138268,11.5851,12.426,10.771
12,18,101128203,0,J,17.80509712,1813.957443,0.005048669,5.495713168,0.475706795,2.2780499,1.33,6492.0898,54.71939455,30.77204255,11.173,12.75,9.8459997
12,18,116009412,0,Blend,15.86313365,1798.029773,0.030643731,6.46371612,3.523552166,0.823807,0.94300002,5417,44.27387595,48.47734083,11.3,11.945,10.602
12,18,116495901,0,J,22.78517876,1792.231014,0.023427791,3.273968022,0.690806961,1.3533,1.066,5881,45.97733111,48.3555096,11.4103,12.075,10.73
12,18,116613967,0,Variable source,34.32550229,1812.878685,0.035616873,17.59592937,6.955311704,1.65347,1.567,7075.9199,46.16129094,48.62047846,11.9695,12.641,11.317
12,18,116614856,0,,16.75189597,1792.06458,0.012680004,6.616175236,0.979401953,1.35242,1.344,6527.6499,46.19598656,48.03002673,11.1734,11.734,10.588
12,18,125755732,0,,6.090749481,1813.778879,0.004638233,4.40347849,0.435394175,0.813021,,5049.3599,59.828187,28.870979,11.531,12.782,10.754
12,18,126095056,0,Variable source,19.30643662,1800.472191,0.010199862,7.141014213,1.470088243,1.73785,1.52,6952,47.70407284,34.53887201,11.5304,12.056,11.049
12,18,129817726,0,J,19.47716903,1800.748893,0.00643901,7.128037805,1.066676077,2.2066,1.33,6500.3501,35.61530596,41.57763673,11.4791,11.978,10.941
12,18,129905252,0,J,19.31784249,1800.793049,0.017000984,4.057948731,0.896097911,1.34688,1.22,6264.7002,36.17328595,39.76767203,11.9352,12.202,11.415
12,18,130083165,0,J,33.38343798,1814.736014,0.070484403,10.40716046,8.59600869,1.1431201,1.24,6314.7002,37.54041724,36.97125793,11.2101,11.841,10.672
12,18,130087006,0,,34.43607911,1814.682456,0.034332878,1.713719574,0.281923703,1.68953,,6507.5498,37.69606163,40.97397531,11.3971,11.798,10.849
12,18,139354326,0,,45.47732532,1800.784193,0.086318752,7.974035222,6.421990328,1.40718,1.27,6362.4199,38.0834232,38.03460373,11.9703,12.365,11.435
12,18,139409215,1,PC,15.06690518,1804.957446,0.032653436,7.192038261,3.654731403,0.75799602,0.75599998,4721.98,38.77772659,36.26946178,11.1855,11.987,10.289
12,18,149857603,0,,22.78393183,1799.372006,0.034625486,2.066114933,0.403012257,1.1131099,,5727,58.76381401,26.48396448,11.5492,12.509,10.94
12,18,160223846,0,,21.66805643,1814.075022,0.031400317,4.610011013,0.718988889,1.11163,0.91799998,5326,261.863022,84.81027085,11.7279,12.401,10.954
12,18,177994853,0,Blend,22.30926205,1812.743933,0.020631364,10.53012844,5.78379197,1.41198,0.94,5408,49.1295688,41.76007525,11.9181,12.586,11.201
12,18,178143624,1,PC,19.14653224,1813.37769,0.02574041,5.082674925,2.27998916,1.0849,0.85000002,5078,50.13768454,39.35039459,11.0034,11.831,10.22
12,18,178145264,0,Blend,14.36550796,1794.701303,0.005603442,7.688403444,1.797246815,1.74462,,7144,50.12360088,41.23723488,11.0607,11.444,10.585
12,18,184564989,0,J,55.63545475,1814.837448,0.082744065,13.37828296,12.09992825,1.7582901,1.1900001,6210.5098,31.28188196,39.57146443,11.4822,12.083,10.906
12,18,184657892,0,J,8.31200327,1814.807274,0.008693078,2.698269425,0.332406155,0.81045002,0.884,5199,31.94353655,39.25336045,11.2669,11.984,10.511
12,18,184677779,0,J,12.09889118,1800.762942,0.007801762,6.003917521,0.55567213,1.24525,0.79000002,4848,32.35624771,36.208435,11.9977,12.697,10.955
12,18,184689980,0,J,23.80628826,1814.700664,0.065480493,20.63971118,16.29295488,0.845752,0.72899997,4602.8301,32.82757885,40.5871313,11.6845,12.459,10.767
12,18,186984569,0,,27.77307842,1814.80416,0.024851304,1.858333594,0.280350023,1.6016099,1.16,6139.3901,34.202037,39.67927743,11.3024,11.467,10.736
12,18,187086373,0,J,33.66154195,1800.586632,0.041566591,4.464214082,1.951123121,1.50096,1.37,6582.4302,59.20054308,36.61732985,11.5168,12.186,10.817
12,18,189714440,0,J,67.80617398,1814.770701,0.093171395,13.78180339,12.17323231,2.01946,1.15,6101.0698,26.15230469,39.06285728,11.0535,11.787,10.465
12,18,192780552,0,J,25.54346018,1792.097956,0.05042535,7.088429823,1.414772151,1.0341001,1.039,5788.4399,48.39074662,47.81076586,11.5171,12.243,10.744
12,18,194810187,0,J,22.02591483,1814.301882,0.024753149,5.383176965,0.922728829,1.2727,1.671,7354.9399,52.16686845,37.01611893,11.1643,11.91,10.349
12,18,194857312,0,,19.16142558,1814.010003,0.007804728,2.724980119,0.327053245,1.97177,1.1,5970,52.25904188,36.27502306,11.8744,12.55,11.122
12,18,198159840,0,J,12.24053037,1813.914702,0.010946281,3.942998372,1.352165908,1.06359,1.16,6131,243.180376,64.71531623,11.9328,12.486,11.373
12,18,198180917,0,J,17.42845105,1814.566254,0.013663602,4.625741336,0.605521983,1.35545,1.23,6276,244.8471436,62.9296237,11.8675,12.408,11.336
12,18,198184353,0,J,9.269258254,1814.58477,0.006807261,5.73790716,0.469380461,1.02133,1.22,6258,245.3667351,60.74367539,11.974,12.494,11.422
12,18,198184954,0,J,12.56156364,1814.597471,0.007352424,6.042105978,0.50653684,1.33179,1.15,6108,245.6618132,61.3345149,11.8756,11.991,11.32
12,18,198206084,0,J,7.791884828,1814.561327,0.006141742,5.497324848,0.447233757,0.90386599,1,5645,247.1464313,61.24225338,11.5313,11.858,10.891
12,18,198210680,0,J,17.18297767,1814.603022,0.014429487,6.288868841,0.813087281,1.30041,1.1900001,6209,248.0307244,62.61496244,11.1691,11.4,10.479
12,18,198239144,0,J,7.76444417,1814.596321,0.006905832,5.835507305,0.592637756,0.84939498,0.949,5439,249.1210906,62.47934535,11.7784,12.406,11.073
12,18,198353806,0,J,22.90198968,1814.581001,0.011611742,6.43108235,2.569535569,1.93211,1.35,6546,256.1170461,59.22410286,11.9712,12.516,11.474
12,18,198357368,0,J,6.795069565,1814.640412,0.005187534,4.28140884,0.35293499,0.85767102,0.96899998,5515,256.3288178,59.37846575,11.7737,12.526,11.1
12,18,198387469,0,J,11.48353154,1814.634404,0.005176006,4.06024859,0.303086694,1.4510601,1.09,5954,258.1928202,59.55467939,11.8122,12.43,11.211
12,18,198459267,0,,13.88749151,1814.595711,0.011960507,2.554888643,0.271212639,1.1544,1.0599999,5860.8799,261.9851444,56.84855617,11.2205,11.785,10.679
12,18,198537243,0,J,23.2249536,1814.489653,0.04939527,9.701857727,1.823421734,0.94999099,0.93000001,5381,237.0880407,62.78231269,11.9892,12.606,11.326
12,18,198537427,0,J,19.86824856,1814.550127,0.041532866,7.23949189,1.384438139,0.88628,0.97000003,5502,236.9573704,62.03865051,11.374,11.872,10.696
12,18,198538568,0,,13.09721482,1814.602704,0.0081444,6.335511254,0.6033276,1.31934,1,5647,237.3019402,62.62309965,11.6104,12.2,10.958
12,18,198553698,0,,7.504334366,1814.630275,0.00809747,4.620403515,0.897523739,0.75813198,0.74299997,4668,237.4783798,62.72373382,11.6722,12.521,10.769
12,18,198557734,0,,19.901031,1801.314082,0.008164166,6.006842664,1.448610103,2.00229,1.1,5989,238.3006589,62.10173586,11.5721,12.203,10.968
12,18,199616983,0,,19.50092689,1814.5425,0.023981338,9.002511249,1.223225998,1.1447901,1.13,6057,249.7641826,58.88751835,11.1278,12.09,10.561
12,18,199658286,0,J,65.78633729,1814.631434,0.092318815,9.148438542,7.849308887,1.96833,1.3200001,6480,250.7758247,57.70265347,11.5313,12.018,11.02
12,18,199661685,0,J,37.37127321,1814.592163,0.10333496,13.71420883,12.07196148,1.05687,1.166,6146,251.2104899,57.6247102,11.5161,12.03,10.985
12,18,199709243,0,J,20.11675767,1814.649566,0.009168925,2.079498634,0.478042726,1.90988,1.42,6688,253.4744177,57.10868401,11.0909,11.589,10.617
12,18,200798492,0,Blend,35.49863284,1806.24015,0.037341292,6.251969085,2.484875638,1.67003,1.1799999,6175.5698,53.92576279,39.25877664,11.7925,12.362,11.167
12,18,202354617,0,,38.38019977,1801.328874,0.229738153,8.781933251,4.513499956,0.72794402,0.87,5149,236.4461053,60.17352677,11.6733,12.387,10.876
12,18,202984491,0,J,22.13192736,1814.57588,0.007935362,6.158395256,0.554613519,2.25862,1.37,6586,37.58319832,43.113892,11.5021,12.007,11.009
12,18,207396719,0,,19.03827011,1814.62118,0.042682725,2.569232127,0.464375746,0.83773899,0.91000003,5299,241.7374516,59.24336505,11.5456,12.603,10.833
12,18,207425453,0,,7.612180075,1814.583895,0.004218661,4.199565815,0.401625302,1.0654401,,5601,242.8849401,59.47359479,11.7388,12.334,11.027
12,18,207428586,0,,13.63827663,1814.653687,0.023277206,3.482466102,1.570420058,0.81264597,1.02,5704,243.1616345,59.53066065,11.725,12.312,11.095
12,18,207438448,0,J,7.976354331,1814.567317,0.006482755,3.220809538,0.28185031,0.90060002,1.036,5778,244.7163379,59.62398698,11.727,12.376,11.135
12,18,207494169,0,,12.93028339,1814.231063,0.003802196,5.752788097,0.371020849,1.90633,1.03,5771.7402,246.717872,58.47029213,11.1199,11.661,10.489
12,18,219738545,0,J,10.37054175,1814.612259,0.009536608,4.304706461,0.418601124,0.96540999,1.01,5681,241.6784743,61.31935257,11.057,11.69,10.399
12,18,219750801,0,J,12.02838909,1814.611959,0.00795827,4.912475904,0.683620827,1.22576,1.29,6414,261.000102,63.64927497,11.6861,12.145,11.177
12,18,219809233,0,,24.40596235,1814.307937,0.050302651,2.531041692,0.488973765,0.989254,1.085,5940,266.7976337,65.43341181,11.8211,12.336,11.204
12,18,219819595,0,,9.489179607,1813.948126,0.003608249,11.82876673,0.771099512,1.43611,0.958,5473,267.9418823,62.83418857,11.2843,11.861,10.603
12,18,219844890,0,J,22.26916401,1814.386669,0.010044301,2.364655897,0.743938322,2.02,1.1900001,6206,254.945085,68.41618923,11.3452,12.07,10.764
12,18,219858684,0,,10.18678639,1814.638167,0.009950308,3.596812327,0.453929535,0.92838103,0.90399998,5272,257.8592931,65.95066825,11.8427,12.505,11.096
12,18,219875126,0,Blend,5.925695757,1806.582833,0.006131254,5.347975235,0.988544326,0.68797398,0.69,4401,260.3246782,70.44754176,11.1117,12.109,10.089
12,18,224597223,0,J,12.85081657,1814.622271,0.017710932,3.484363039,1.874829198,0.87784398,0.98500001,5578,254.7620677,59.3888538,11.4934,11.701,10.832
12,18,229407248,0,,18.62284325,1795.003099,0.015716274,3.09827891,0.385351425,1.35045,1.2,6231,292.8514894,64.30815863,11.6472,12.208,11.063
12,18,229449419,0,Blend,12.11153247,1799.918574,0.011070508,9.3699869,3.664627483,1.04646,1.08,5937,294.083959,62.49343276,11.3722,11.449,10.813
12,18,229455714,0,,31.15807051,1801.317717,0.077908755,20.33821111,16.14057163,1.01481,0.94700003,5432,294.4238449,60.04303505,11.7453,12.355,11.061
12,18,229487081,0,,15.26589252,1801.613882,0.011129037,3.847361768,0.378837819,1.3155299,1.3200001,6476,296.0905598,61.80776361,11.2879,11.714,10.781
12,18,229674420,1,EB,33.96585058,1808.952117,0.041858991,8.453433462,4.47745201,1.50923,1.02,5712,252.7285602,74.31057204,11.8842,12.465,11.252
12,18,229737336,0,,38.30152681,1801.594957,0.032935849,7.519427002,3.77658019,1.91862,1.09,5961,279.3487724,69.82774024,11.6193,11.898,11.012
12,18,229779794,0,,13.75320553,1792.456122,0.008063191,3.790999289,0.371082569,1.39238,1.26,6356,283.0761416,69.87997222,11.5019,12.117,10.937
12,18,229940491,1,,12.92775598,1811.437107,0.006172837,2.673615432,0.436073495,1.49585,1.023,5730,288.04946,63.65696594,11.1169,11.427,10.501
12,18,230073587,0,,8.403455394,1801.30415,0.012159507,6.529146183,0.976441985,0.69279897,0.71100003,4522,243.9012842,67.2556816,11.326,12.279,10.36
12,18,230078848,0,J,16.88162317,1814.642013,0.025303157,3.253853338,0.457690098,0.96479303,1.0700001,5906,245.3042295,66.67862856,11.1809,11.44,10.578
12,18,230087884,0,J,13.12494688,1814.55648,0.012892728,4.6999891,0.498061055,1.05083,1.12,6042,246.9137298,70.25145277,11.6797,11.845,11.084
12,18,230088907,0,J,12.08678587,1814.607664,0.013756361,5.868457243,0.639354394,0.93684202,1.05,5815,247.3190723,69.18568944,11.7732,12.254,11.147
12,18,230089470,0,J,13.84546924,1814.586191,0.019999348,6.857979429,0.899944582,0.89003497,1,5624,247.316557,66.82026209,11.6988,12.329,11.039
12,18,230112732,0,,8.360476779,1814.455234,0.006717072,12.1227463,0.951652854,0.92736,1.0829999,5933,248.4931789,68.31538492,11.3806,11.717,10.811
12,18,230114174,0,J,20.93224933,1814.619457,0.021754335,4.84239512,0.645819186,1.29018,1.25,6326,248.8179766,68.68240433,11.9882,12.503,11.455
12,18,230125546,1,EB,20.14903899,1806.897189,0.00982183,7.95801837,1.882632555,1.8482701,1.1900001,6204,251.0051314,67.7097799,11.8897,12.009,11.329
12,18,232604458,0,,19.32045099,1814.613488,0.008429661,5.995400552,1.077898754,1.91302,1.0599999,5851,257.8321164,62.63856185,11.9197,12.9,11.335
12,18,232982328,0,J,6.324286784,1801.325658,0.004990434,6.533814965,0.480025473,0.81386,0.72399998,4584,241.75944,66.81980513,11.666,12.599,10.703
12,18,233058265,1,,29.39677398,1795.536571,0.03147056,3.224324196,1.587841183,1.5064501,1.09,5952,269.477568,64.06910241,11.733,12.687,11.147
12,18,233085294,0,J,10.4504358,1814.4442,0.011703596,2.463826077,0.256103762,0.87817699,0.99199998,5606,272.0056223,65.00712487,11.6936,11.834,11.046
12,18,233161762,1,EB,24.10364125,1811.444031,0.023052651,2.446195272,0.808633674,1.44321,1.26,6344,275.2790049,60.36254766,11.5158,12.19,11.001
12,18,233512322,0,,16.33395594,1792.113578,0.005917446,5.115288125,0.405185938,1.93033,0.94999999,5429,270.7812245,51.24602863,11.8046,12.492,11.066
12,18,233659307,0,J,8.835902369,1814.609011,0.007691849,4.846171394,0.445001894,0.91588902,0.97000003,5522,259.9141278,62.75769903,11.8887,12.555,11.221
12,18,233682617,0,J,16.28568722,1814.635002,0.00986292,3.173874149,0.380770723,1.49077,1.14,6094,260.5062631,61.77724004,11.7848,12.324,11.203
12,18,235991353,0,J,12.18655907,1801.168343,0.00679523,3.790876652,0.485366441,1.34396,1.13,6053,302.4035619,83.26621246,11.3046,11.598,10.705
12,18,235993314,0,J,8.477043417,1814.193752,0.008068573,8.425200496,0.746758717,0.85793298,1.045,5813,302.9186834,81.71932532,11.7489,12.37,11.036
12,18,236712902,0,J,19.99370301,1814.65368,0.008853913,1.939686708,0.226699766,1.93167,1.52,6950,238.8457964,60.44186711,11.7302,11.593,11.32
12,18,236713144,0,,17.59829309,1814.618974,0.006010943,1.959906822,0.239639296,2.0635099,1.0700001,5886,239.1297854,60.52981245,11.5517,12.125,10.918
12,18,236715908,0,J,8.462174462,1814.569351,0.003306958,6.470379285,0.382304665,1.33775,1.48,6846,239.5772707,61.18789497,11.1293,11.417,10.691
12,18,236815262,1,,,1810.269978,0.021525231,10.18627827,1.551791237,,,6074,283.7434134,59.62058255,11.4513,11.68,10.601
12,18,236899959,0,J,25.1397114,1809.124783,0.050560858,7.956037891,3.010179682,1.01639,1.293,6420,303.8947343,64.10366029,11.045,11.861,10.484
12,18,236931282,0,,18.17968324,1814.250973,0.026545717,4.589507028,0.771732203,1.01437,,5466,304.1684233,62.41715677,11.9387,12.541,11.235
12,18,236966375,0,,28.14439484,1801.570039,0.023710476,6.681094679,0.940422526,1.66161,1.11,6007,304.8661248,62.55396682,11.7746,12.428,11.119
12,18,236966570,0,,22.14664167,1801.67195,0.006271972,4.190907885,0.490285372,2.5422201,1.15,6098,304.6465374,62.72074876,11.0833,11.672,10.482
12,18,237102014,0,J,9.627615638,1814.559229,0.003359282,3.810824879,0.262632939,1.51009,1.3,6429,240.8876012,67.71838336,11.3094,11.624,10.824
12,18,237106413,0,,44.7526761,1814.341221,0.094576989,8.266783751,4.992279362,1.32292,,6196,256.0496722,83.25662884,11.2043,11.582,10.606
12,18,237302163,0,,26.82823538,1801.717435,0.009162564,12.91824125,1.166163792,2.54795,1.45,6777,302.2010928,74.31119966,11.1289,11.396,10.581
12,18,238823326,1,There appear to be multiple transits on this target,24.17258713,1805.44839,0.022745115,10.41599273,5.17709107,1.45709,0.98799998,5592.8599,44.79088659,46.37328003,11.349,11.965,10.595
12,18,240717114,0,J,14.41171142,1801.70425,0.015848736,7.281205806,2.805834605,1.0407,1.064,5876,10.24049819,53.89786487,11.9003,12.425,11.288
12,18,240855518,1,,13.57962878,1805.138596,0.006817707,5.925648114,0.757450204,1.49512,1.29,6404.5298,16.30289953,50.03428281,11.9535,12.435,11.357
12,18,240858442,0,,18.31105324,1801.620515,0.030924963,1.886756986,0.346513174,0.94659901,0.99800003,5632,16.57447299,48.86700968,11.1184,11.535,10.409
12,18,240884875,0,Variable source,24.09722407,1798.04659,0.014253577,8.794202924,2.78388724,1.8349,1.53,6965,17.17257256,49.69915978,11.682,12.062,11.214
12,18,240922107,0,,26.69087733,1814.41059,0.013956804,2.705037274,1.050276737,2.05389,1.28,6386,18.10567237,48.09720585,11.8898,12.442,11.306
12,18,240944610,0,J,54.94663563,1801.58076,0.146796216,6.945237214,5.379066576,1.30374,1.057,5851.8501,18.55711685,51.81749132,11.8642,12.497,11.12
12,18,241086309,0,J,19.99370057,1790.93792,0.015091619,5.708890948,1.442048658,1.47956,1.293,6418,29.17643774,51.62436544,11.8883,12.305,11.325
12,18,247012163,0,J,19.81334199,1791.53173,0.032194016,4.846235737,0.816992299,1.00387,0.62900001,4021.95,37.33703135,21.61128766,11.519,12.885,10.344
12,18,249896361,0,,20.09915503,1809.437383,0.008870424,7.470730591,1.229877889,1.94005,1.4299999,6721,38.57509883,50.89580246,11.5491,12.107,11
12,18,249917447,0,,27.11138307,1792.234321,0.010437012,8.194552269,1.851228535,2.4125199,1.8099999,7714,38.70916492,49.91078577,11.7486,11.764,11.336
12,18,250451357,0,,12.89131027,1801.371297,0.009707701,1.615657708,0.186683386,1.18945,1.114,6020,30.45493678,53.28495225,11.8852,12.457,11.232
12,18,250577578,0,Blend,11.78705938,1810.589967,0.005181668,4.510203754,0.425333339,1.4886,0.97299999,5531,31.71836422,53.57420911,11.6496,12.292,10.935
12,18,250650880,1,,13.11728947,1805.455117,0.008839576,3.756304363,0.50983632,1.26834,1.27,6365.4502,32.53703285,51.26783936,11.5238,12.105,10.835
12,18,250687829,0,J,30.69845784,1790.938134,0.011191244,4.700662953,0.613562243,2.6380601,1.0700001,5895,32.85269747,53.40940165,11.5575,12.101,10.878
12,18,250718673,1,,13.51356069,1811.291863,0.010641162,5.603818529,2.603856784,1.19092,1.024,5735,33.17524248,51.93097298,11.6233,12.588,10.914
12,18,250868684,0,,20.60333847,1801.338214,0.013821484,3.108865581,0.621573131,1.59319,1.03,5742,34.67864502,51.28072256,11.7577,12.009,11.019
12,18,251620789,0,Blend,22.72420176,1808.749638,0.005393657,4.960270042,0.97234979,2.8129001,1.02,5704,45.83972253,54.74652221,11.5431,12.599,10.513
12,18,251655631,0,J,30.76066806,1800.667225,0.009086724,5.130171805,1.104921586,2.9335899,2.0999999,8470,46.3290436,59.30167168,11.1138,11.631,10.511
12,18,251711113,0,J,17.10187503,1800.662083,0.016173513,3.239846735,1.050867627,1.2225,0.81900001,4966,46.58597028,58.76404261,11.69,12.509,10.834
12,18,251718592,0,J,25.88365026,1800.94971,0.016250906,3.22313335,0.522245983,1.84584,0.93599999,5392,46.8262332,58.44353895,11.4593,12.223,10.595
12,18,251832940,0,J,21.44329871,1800.669311,0.014515794,5.594636195,3.326234979,1.618,1.3099999,6461.8999,47.36039925,57.22492646,11.699,12.445,10.908
12,18,252118768,0,J,18.19518179,1814.626083,0.006949758,6.196944256,0.55719425,1.98417,,7818,15.8606133,57.90822949,11.3045,11.493,10.944
12,18,252137771,0,,50.24294224,1814.61977,0.051087404,15.12279169,8.692180841,2.0208099,1.0880001,5949.3198,16.18887176,54.33239139,11.6138,12.369,10.747
12,18,252170554,0,J,28.68874508,1801.888821,0.015681983,6.799438998,1.077170295,2.08266,1.15,6119,16.54362542,57.51529204,11.9848,12.578,11.304
12,18,255880284,0,J,30.81213483,1801.859354,0.007062381,2.838829611,0.444586867,3.3331399,1.71,7459,14.48182956,63.58361737,11.3423,12.171,10.584
12,18,256099225,0,,33.01737538,1800.999969,0.008325461,5.097453525,0.458869634,3.2896199,1.58,7111,14.90259418,61.65492749,11.6886,12.335,10.925
12,18,256108483,0,,22.10561344,1801.986029,0.008273752,2.759999071,0.293187346,2.2093201,1.92,7967,15.21109972,61.07519386,11.3865,11.838,10.884
12,18,256312321,0,J,16.61782692,1814.811884,0.00922993,2.469294522,0.24941419,1.5724699,1.45,6769,15.26159651,62.69656469,11.6125,11.823,10.948
12,18,256319090,0,J,7.912503621,1801.909617,0.004503248,5.173166024,0.376912378,1.07191,1.092,5959,15.3097703,60.65466942,11.5016,12.174,10.764
12,18,256324582,0,Variable source,19.64057239,1800.991257,0.011170256,5.77152155,1.329340176,1.6893899,1.54,7009,297.814136,62.07461156,11.5393,12.146,11.114
12,18,256649314,0,J,14.66136585,1814.428544,0.009192506,1.95953662,0.451770284,1.39016,1.13,6059,329.7060061,66.56902039,11.8066,12.414,11.182
12,18,256694274,0,J,35.41134831,1814.630502,0.021262558,8.113788504,2.95515644,2.20771,,5225,38.91723276,64.09296167,11.5145,12.056,10.701
12,18,256931570,0,J,20.49866615,1814.053267,0.017003349,2.439611284,0.985751393,1.4291101,1.015,5698,302.0594146,61.9984983,11.5308,12.097,10.888
12,18,258389327,1,EB,25.21111985,1798.048653,0.018587992,2.887755083,1.410699581,1.68106,1.1799999,6180,296.710087,70.07194451,11.8248,12.445,11.17
12,18,258548313,1,,31.04016599,1804.637275,0.014136766,2.141037024,0.776557359,2.3733201,1.21,6242,306.1130016,66.17250153,11.5841,12.379,10.781
12,18,259968589,0,J,14.09846915,1801.713032,0.012374866,6.158117409,1.22932289,1.15215,1.614,7205,319.0442182,63.85048619,11.3238,12.102,10.666
12,18,264194780,1,EB,21.24876325,1796.569873,0.031539565,4.466093407,2.492829491,1.08771,0.98000002,5559,318.6662493,81.555906,11.699,12.389,10.94
12,18,264933687,0,,11.23846464,1802.112184,0.005369589,6.352196465,0.495961213,1.39426,,6335,344.364425,73.52877566,11.7185,12.485,10.902
12,18,265300234,0,Variable source,36.85977711,1806.990433,0.045260601,10.7255061,5.725349177,1.57507,1.471,6821,41.70836612,55.84065512,11.3296,11.593,10.71
12,18,267812797,0,J,9.568750658,1813.941125,0.006842774,4.092804804,0.48898569,1.05159,1.103,5990,293.3176937,59.70840326,11.7804,12.338,11.219
12,18,268405131,0,J,15.79618915,1813.940204,0.006028062,5.947950682,0.570943379,1.84957,1.03,5741,278.2882884,86.72661267,11.2965,11.924,10.646
12,18,268730408,0,,17.1372457,1801.542109,0.006137646,5.402572674,0.419989502,1.9886,1.47,6807,348.0229292,64.42654939,11.4186,11.954,10.804
12,18,268849267,0,J,6.635645764,1802.173393,0.004956053,3.008619613,0.229243241,0.85688502,0.97500002,5540,347.8653738,62.09483433,11.164,11.906,10.472
12,18,269047280,0,J,24.56615552,1801.692954,0.009795835,5.435305786,2.108527531,2.2564399,2,8181,349.3850709,65.74420997,11.4682,11.88,10.874
12,18,269237725,0,J,11.18741564,1802.254169,0.009045877,4.76291385,0.440695708,1.06933,1.0140001,5697,350.1547573,62.06715866,11.6708,12.307,10.96
12,18,269664987,1,,13.91690991,1813.760126,0.006646876,4.481593155,0.596336652,1.55182,,6654,301.2887536,66.82566325,11.0226,11.395,10.405
12,18,269808661,0,,17.80550994,1802.125643,0.005946498,2.973365257,0.346724531,2.0990901,2.4100001,9483,350.8136598,61.40741378,11.1998,11.57,10.773
12,18,270008470,0,,22.79068992,1814.492531,0.006541282,2.181434746,0.691312902,2.5617299,1.12,6027.4399,45.61264016,30.33952016,11.1139,12.092,10.371
12,18,270064738,0,J,21.335375,1814.05576,0.008392184,6.858507233,1.088006043,2.11724,1.4299999,6727.3999,45.84885274,32.57199963,11.8053,12.398,11.151
12,18,270138986,0,J,22.17916721,1802.21768,0.004706201,4.566378534,0.323479655,2.9391201,1.91,7960,351.6421442,61.36960626,11.7224,12.201,11.071
12,18,270539956,0,Blend,43.61799819,1794.684663,0.054654087,13.03357271,7.264584365,1.6961401,1.77,7597,352.8787047,62.19688287,11.8819,12.343,11.355
12,18,271141327,0,Blend,30.06821008,1811.984647,0.018033813,3.958895642,0.802063136,2.0355,1.26,6340,353.664656,61.96355283,11.8027,12.422,11.119
12,18,271232035,0,J,14.12626939,1802.120987,0.002106411,10.23433587,0.497460729,2.7981,1.54,6996,353.9742693,61.72468127,11.1135,11.824,10.495
12,18,271342614,0,J,13.00694381,1802.251909,0.006192512,5.066869861,0.510788445,1.50262,1.05,5814,354.1731113,61.87614588,11.823,12.449,11.137
12,18,272531957,0,Variable source,24.1804163,1794.38208,0.014114406,8.061680717,2.982932495,1.8502899,1.5,6897,356.1080914,62.03345496,11.19,11.311,10.658
12,18,275258722,0,,14.33357446,1814.286404,0.00451098,4.733053323,0.34694136,1.94011,1.5599999,7053,11.39398249,74.11607493,11.0457,11.251,10.533
12,18,275635922,0,J,19.97392081,1814.62337,0.01631337,8.183585731,3.477350011,1.42167,1.182,6182,48.07669701,68.47859823,11.6191,12.308,10.853
12,18,275907447,0,J,19.00226113,1814.62878,0.060186935,13.48657536,9.175203816,0.704144,0.67500001,4316,51.199957,66.07392822,11.4081,12.516,10.354
12,18,279059303,0,,6.016559338,1802.276494,0.008347918,2.789702179,0.61248286,0.59864098,0.58697897,3976,6.747835898,65.18933595,11.9882,13.407,10.815
12,18,279389988,0,J,15.5790013,1802.20617,0.012933349,4.48583466,0.613183245,1.24535,1.005,5659,349.6858993,61.38750232,11.5973,12.253,10.906
12,18,279499403,0,J,12.16390425,1814.656643,0.007864723,4.596549047,0.485890283,1.24692,0.79299998,4867,36.75737596,69.61123239,11.9201,12.85,11.042
12,18,279762317,0,J,26.13206205,1814.442587,0.064006125,11.91328231,2.466703957,0.93901002,1.1799999,6185,52.97271324,63.91444215,11.398,12.048,10.751
12,18,279772896,0,J,13.31640653,1802.18187,0.004434395,3.359114919,0.361869626,1.81793,1.54,7002,352.4249096,61.58326363,11.6007,11.66,10.96
12,18,280129958,0,J,17.79486796,1814.620621,0.010040616,7.329663379,2.153538151,1.61444,1.05,5820,40.75454,70.99243076,11.091,11.878,10.417
12,18,280131345,0,J,36.62201168,1814.634921,0.023601802,10.90446086,5.247903763,2.1670899,1.24,6299,40.78559425,69.7745808,11.5904,11.804,10.777
12,18,280252148,0,,19.5705136,1792.48577,0.012139114,5.176163099,0.617899963,1.61479,1.692,7410,41.16284719,71.79428361,11.4888,11.857,11.096
12,18,280416754,0,J,24.71932017,1814.635313,0.008561587,5.155786183,0.486829254,2.4286599,1.26,6340,49.85633731,68.75944283,11.2253,11.635,10.545
12,18,283131974,0,J,32.67947026,1801.926998,0.065207738,7.902338929,4.401789148,1.1634099,,5854,1.042426908,60.3596461,11.1876,11.497,10.479
12,18,283939527,0,J,40.84566406,1801.912659,0.13953891,10.67333086,8.84451618,0.99404401,1.03,5758,8.854094297,62.55457196,11.622,12.202,10.967
12,18,284137729,0,,27.19599819,1814.735668,0.025029443,5.733472948,0.791555178,1.56274,1.103,5990,9.156347676,62.43060496,11.6936,12.396,10.966
12,18,284148803,0,J,25.94159256,1814.572962,0.017109437,3.646306939,0.465023855,1.80296,2.02,8237,9.179485907,60.6884074,11.4622,11.546,11.017
12,18,284169254,0,J,22.4735365,1814.386868,0.023894882,12.88214561,1.779890507,1.3216799,1.24,6318,275.3578663,51.49967012,11.3593,11.788,10.851
12,18,284218745,0,Blend,31.01558309,1797.01587,0.023285886,11.51440725,4.50306105,1.8477401,1.1670001,6149,9.187719868,64.77637023,11.1473,11.857,10.607
12,18,284218763,0,Blend,53.09381789,1797.018283,0.108855283,23.14093593,19.81873734,1.46294,0.87400001,5165,9.18220796,64.78258478,11.8458,12.444,11.085
12,18,284528286,0,Blend,46.96015971,1808.207308,0.069859669,11.39183217,7.243360437,1.61519,1.3609999,6564,10.05693796,62.20844782,11.8292,12,11.167
12,18,284612164,0,J,26.30066165,1791.915964,0.014753041,2.590432767,0.392153117,1.96849,1.23,6289,10.24652613,61.57212982,11.7246,12.313,11.045
12,18,284915365,0,Blend,26.33558405,1794.103223,0.010800902,6.026085498,0.987270119,2.3036699,1.26,6357,11.93270455,64.00236567,11.1339,11.638,10.29
12,18,285167400,0,J,16.13083491,1790.943139,0.013191561,4.78972098,0.632663025,1.27678,1.132,6065,27.23947283,53.1152714,11.2529,11.823,10.582
12,18,285180831,0,J,39.87538914,1814.413661,0.041712568,3.605365036,1.938114197,1.77492,1.2,6226.8999,35.21901496,32.43835909,11.3188,12.242,10.724
12,18,285279456,0,,14.26317099,1812.553546,0.01437161,4.035922752,0.790508097,1.08161,,5644,35.78931431,32.4938796,11.4583,12.09,10.766
12,18,285532291,0,J,16.221744,1801.969027,0.00720759,3.618235131,0.316089925,1.73704,1.6,7153,12.9210833,62.61236841,11.8904,12.37,11.277
12,18,286325665,0,J,29.6678531,1814.643394,0.025885246,6.07178845,0.922586899,1.67636,1.88,7881,44.7492947,62.2869834,11.9891,12.302,11.376
12,18,286411763,0,J,11.22909254,1801.322663,0.006590248,6.488667087,0.983063152,1.25748,1.028,5748,45.5570601,62.01056618,11.3101,11.645,10.627
12,18,286574450,0,J,21.56566229,1814.566502,0.023502165,9.004389464,1.463080198,1.2788399,,6108,45.99081191,62.98529217,11.9496,12.713,11.129
12,18,287149730,0,J,10.55882586,1814.598406,0.014496617,6.521558553,0.75792419,0.79724097,0.92000002,5331,253.5951428,61.89500746,11.7522,12.487,11.019
12,18,287152027,0,J,10.58911024,1814.607128,0.015082073,6.332235831,1.330016601,0.78385597,0.70700002,4503,253.8341028,62.1375624,11.1851,12.179,10.223
12,18,287152097,0,J,16.42709423,1814.588571,0.01323875,6.307464507,0.699665771,1.29791,1.17,6159,253.7021941,61.91742459,11.9941,12.571,11.429
12,18,287152385,0,J,17.06696466,1814.583613,0.0106541,7.156019477,0.715391268,1.50316,1.22,6255,253.8405934,61.06510908,11.665,12.014,11.135
12,18,288535804,0,Variable source,29.24663786,1795.376279,0.036420494,7.072270262,2.51871151,1.39319,1.61,7185.7598,39.00493025,42.82539874,11.0191,11.263,10.596
12,18,289263414,0,J,18.96275625,1791.694987,0.004073084,2.252263328,0.187196497,2.7011399,1.38,6600,24.41516669,72.41216459,11.1097,11.615,10.428
12,18,289268480,0,,11.66769487,1814.145574,0.004680372,6.435760998,0.458266914,1.5504301,1.14,6083,24.46207853,76.76832539,11.664,12.562,10.857
12,18,289571617,0,J,9.800760076,1814.660426,0.015662532,2.132874607,0.854235705,0.71192801,0.912,5302,252.1186156,64.2391407,11.0592,11.472,10.318
12,18,289580229,0,J,13.78379726,1814.603793,0.016365936,8.350622923,3.911790395,0.97950298,1.0880001,5950,252.1197311,60.00326668,11.7876,12.395,11.171
12,18,289580949,0,J,12.33797056,1814.604369,0.010070513,4.725063687,0.499585328,1.1177,1.21,6252,252.4285175,62.41420963,11.8261,12.357,11.278
12,18,292400530,0,Variable source,26.67204577,1808.558837,0.023688337,8.195360587,2.827196822,1.57542,1.5599999,7061.3999,32.10359218,43.90663237,11.0567,11.675,10.628
12,18,292516922,0,Blend,37.62326569,1806.853456,0.024623064,3.266002121,1.512970117,2.1796801,1.09,5968,32.50376717,45.70806047,11.3842,11.946,10.767
12,18,293124482,0,,10.39574621,1800.687741,0.005038438,3.822134742,0.301761082,1.3314199,1.12,6022.1699,35.7562714,44.48893613,11.7308,12.315,11.08
12,18,297777871,0,,10.1429042,1814.635578,0.009791666,5.859402567,0.580397289,0.93184,0.84600002,5063,46.63111398,67.86326394,11.7323,12.458,10.907
12,18,299331512,0,,15.25977865,1801.975644,0.009262794,1.976397727,0.248194133,1.4414001,1.399,6647,15.36797796,52.75637782,11.4172,11.798,10.867
12,18,301092128,0,,19.16551916,1800.980092,0.015032492,6.581111026,1.031209578,1.42106,1.35,6531,35.15749694,53.60593818,11.6636,12.1,11.137
12,18,301103382,0,J,21.55529938,1790.929676,0.028113132,4.809327422,1.868057426,1.16871,1.17,6156,35.21316007,47.96889819,11.7959,12.31,11.191
12,18,301263878,0,J,32.97138878,1814.294547,0.009051413,2.775761749,0.321632803,3.1505499,1.33,6494,35.72819772,49.08237914,11.9339,12.443,11.352
12,18,302628437,0,J,14.63834611,1814.629332,0.008209797,7.941162567,0.956109975,1.4687001,1.5,6909,41.68431255,71.20836726,11.5884,12.189,11.005
12,18,305638738,0,J,14.46921401,1801.682764,0.014019455,4.313500442,0.524146178,1.11093,1.08,5918,315.5707245,63.73218539,11.2592,11.619,10.63
12,18,305857294,0,J,20.43172321,1814.627538,0.014167083,5.73938624,0.684180301,1.5605299,1.3099999,6453,318.0800155,63.78531031,11.9072,12.675,11.129
12,18,307957463,0,J,20.59960105,1814.601251,0.015536783,7.165210678,2.301967957,1.5024,1.03,5750,257.0620226,64.35314564,11.1842,11.889,10.585
12,18,307984280,0,,8.867421339,1814.603335,0.005092569,5.814968459,0.430165155,1.12963,1.071,5899,256.9540847,60.0661171,11.0737,11.439,10.46
12,18,307984446,0,J,11.0292511,1814.613933,0.009907872,5.195840234,0.553700291,1.00731,1.14,6076,257.1376379,60.31812505,11.8832,12.541,11.313
12,18,307985006,0,J,11.06527107,1814.607714,0.007372539,4.639766251,0.395975197,1.17155,0.97000003,5523,257.2497965,61.99477799,11.2292,11.838,10.558
12,18,307986485,0,J,20.1569659,1814.601716,0.008148089,5.800229064,0.542597479,2.03004,1.09,5955,257.5349345,64.68246608,11.7708,12.28,11.222
12,18,308220348,0,Blend,32.84685743,1799.790353,0.017390163,7.23410822,3.864072469,2.26438,0.93400002,5385.2598,22.56113625,53.19509421,11.683,12.55,10.79
12,18,308532942,0,Blend,22.67453869,1810.035726,0.019776167,6.105154545,3.285680918,1.4658,0.99000001,5601,23.68263327,53.26715485,11.4091,12.106,10.679
12,18,308607385,0,,22.95930137,1790.94254,0.01797882,4.97692164,0.691331434,1.55663,1.4400001,6751,23.81696949,48.51660196,11.8791,12.275,11.387
12,18,309234923,1,EB,25.01931184,1810.50493,0.038352549,9.780305343,5.49328187,1.16141,0.99000001,5601,25.58325232,51.94990484,11.2157,11.838,10.507
12,18,312258432,0,,8.710399414,1814.68685,0.005988393,3.89806999,0.327642669,1.02327,0.81300002,4941,10.99198425,59.73048272,11.3907,12.239,10.536
12,18,313425235,0,J,11.30811068,1814.648392,0.006425101,3.280744403,0.262600276,1.2825,1.25,6326,240.6963065,59.49199716,11.7957,12.355,11.286
12,18,315721836,0,J,7.319570701,1801.14395,0.005933847,5.788132053,0.734340466,0.863823,0.96899998,5517,310.4782457,78.36410148,11.4924,11.931,10.848
12,18,317064015,0,J,21.35953752,1801.316564,0.015219096,6.632779114,1.69041215,1.574,1.03,5762,340.7923466,83.64504814,11.7857,12.641,10.953
12,18,317473846,0,,12.9895933,1802.271183,0.02081019,5.149575239,0.713168705,0.81858701,0.95099998,5449,351.0141601,73.02581913,11.7726,12.39,11.062
12,18,317593095,0,Blend,16.11482111,1798.109478,0.00604098,6.222607945,0.948690202,1.88486,1.1,5991,351.6817275,74.75801524,11.8749,12.616,11.136
12,18,320279851,0,,29.34638233,1801.880613,0.005842427,2.204823575,0.191846171,3.49032,2.1700001,8676,7.750990807,55.76269052,11.5031,11.797,11.13
12,18,320598310,0,J,48.71664536,1801.888721,0.06001621,6.685001177,4.663736481,1.8078001,2.04,8284,8.189234944,55.09605444,11.7247,11.664,11.336
12,18,322059572,0,J,14.71351609,1814.609601,0.004998209,6.574964525,0.518464468,1.8919801,1.3200001,6477,324.263234,67.08766769,11.3554,11.787,10.844
12,18,322131183,0,J,9.452354686,1801.692521,0.004271709,4.723576351,0.416243812,1.31476,1.42,6702,324.4719424,70.52515757,11.0041,11.394,10.497
12,18,323144337,0,J,8.027440667,1814.286346,0.005796182,2.520716986,0.225018365,0.958547,0.99400002,5615,322.0617294,74.2659681,11.2058,11.877,10.534
12,18,323301969,0,,29.23078935,1801.705041,0.004218728,5.289751312,0.436490481,4.09126,2.26,8959,332.7244003,66.8472659,11.4343,11.854,10.826
12,18,326200947,0,Variable source,26.07123527,1807.954693,0.020858781,9.704883015,3.81788623,1.64106,1.6,7178,350.2683953,76.35630544,11.4115,11.861,10.916
12,18,326732587,0,,19.40107231,1791.829175,0.010113143,3.069912028,0.315806986,1.75384,1.427,6712,359.5241431,62.68635967,11.7433,12.704,11.08
12,18,326779128,0,,18.77424509,1801.852888,0.011694524,7.071591413,1.004260609,1.5782599,1.41,6672,2.035915845,58.35214941,11.44,11.924,10.823
12,18,326791478,0,,26.00942041,1801.969636,0.005762858,3.257025126,0.27404103,3.1147201,1.3,6443,2.181863651,58.88079904,11.4779,12.269,10.629
12,18,326793817,0,,14.51517142,1814.775926,0.010287054,5.805695588,0.806779937,1.30102,1.044,5809,2.084664467,58.36187721,11.2252,11.843,10.494
12,18,326997857,0,,13.28551792,1801.864021,0.008196357,4.166952996,0.385779287,1.33406,1.035,5773.7402,2.83550322,57.46484293,11.683,12.331,10.96
12,18,327249880,1,EB,34.04205496,1794.865123,0.044256151,8.733596492,4.896742563,1.4710799,1.109,6007,3.484205615,58.33991146,11.7427,12.047,11.013
12,18,327252325,0,,26.16636614,1791.98902,0.026566171,4.790536348,0.872714371,1.45944,0.95200002,5453,3.515486601,59.44133949,11.1882,11.838,10.44
12,18,327293880,0,Blend,29.12144766,1796.137486,0.024212119,9.54410029,5.355711431,1.70139,1.2,6221,24.48071952,45.59489911,11.8063,12.336,11.204
12,18,327440566,0,J,19.37040719,1791.976753,0.010226099,6.460003867,0.696646093,1.74137,1.26,6356,25.17763757,44.80369354,11.2458,11.684,10.699
12,18,327583207,0,J,28.08483409,1791.960267,0.013954561,2.866465796,0.433725038,2.16133,1.6,7171,4.902147289,58.90176114,11.4442,11.978,10.906
12,18,327603345,0,Blend,10.93234502,1793.488942,0.011792798,9.178690861,1.22826246,0.91519201,0.97299999,5531,25.7986297,47.22542295,11.9356,12.519,11.218
12,18,327882843,0,J,26.86255533,1814.802503,0.009907854,4.352618662,0.490188867,2.4533801,1.35,6536,26.60285857,42.29659397,11.9114,12.393,11.416
12,18,327882952,0,,13.05405818,1800.782583,0.009704741,3.078411624,0.372444502,1.20465,1.171,6156,26.63131971,42.15879242,11.2601,11.755,10.708
12,18,329170722,0,Blend,21.56132168,1810.92427,0.0129382,5.322577762,1.104253092,1.72324,1.1,5971,268.3333967,74.03266533,11.4087,11.81,10.83
12,18,331206447,0,J,55.26950451,1791.997068,0.103643327,11.09571502,7.86017683,1.56071,1.267,6364,17.35286992,57.38766655,11.1989,11.705,10.562
12,18,331855080,0,,7.26493034,1801.378146,0.005834476,8.615927606,0.694625766,0.864645,0.92500001,5349,18.66444291,56.95301153,11.8624,12.462,11.076
12,18,331861613,1,EB,29.50188605,1807.285868,0.012064271,5.883465732,1.209495139,2.4417801,1.05,5830.0698,18.78544624,54.04637531,11.6417,12.357,10.834
12,18,331862524,0,J,24.87025183,1801.712568,0.007458856,3.677368442,0.581988655,2.6178899,1.16,6143.2202,18.96578793,54.52583336,11.3215,12.254,10.598
12,18,331929136,0,J,8.751305776,1802.048912,0.005784583,5.020074979,0.426727124,1.04603,1.04,5802,6.409150894,69.30909715,11.7795,12.685,11.134
12,18,332377709,0,Blend,16.79525427,1812.515815,0.03800845,11.2389224,6.221431023,0.78316599,0.73000002,4608,19.71106554,57.46387992,11.859,12.675,10.921
12,18,334598517,0,,26.40489459,1814.507138,0.005813932,8.697428058,0.721905825,3.14816,1.95,8059,331.1645678,63.6973093,11.6609,11.922,11.084
12,18,334753869,0,J,27.62470933,1814.582186,0.012792041,7.113169825,1.233633015,2.2204199,0.97000003,5515,246.4315056,62.90384563,11.2252,11.849,10.531
12,18,334779935,0,,11.09562029,1814.682098,0.013529642,2.994910779,0.795948094,0.86719298,0.97899997,5557,247.4055791,61.54272576,11.6271,12.275,10.815
12,18,335483394,0,J,16.40874199,1814.494295,0.018670959,5.996025026,0.772828015,1.0916899,1.14,6084,332.5808532,63.62044881,11.9193,12.59,11.179
12,18,336120851,0,J,14.07760187,1801.715148,0.005959544,1.886483555,0.172284974,1.6577899,1.2,6231,315.4106928,75.11922792,11.3703,12.037,10.479
12,18,338994606,0,J,32.50016862,1796.648523,0.007330926,3.233039785,0.569124814,3.4507501,1.9,7917,341.0092496,62.86216767,11.3117,12.161,10.497
12,18,346455548,0,,19.81116328,1792.04099,0.021168912,7.631094782,1.338850008,1.23785,1.08,5923,0.137135738,59.15877471,11.9316,12.647,11.179
12,18,346786317,1,Multiple transits,20.65046017,1808.314631,0.016633284,9.211716174,1.214828555,1.4556201,1.34,6515,47.09888638,40.72477367,11.7776,11.986,11.233
12,18,346926916,0,,9.279586117,1801.965322,0.013733251,4.139658673,1.675804908,0.71986198,0.78899997,4851,0.622366512,59.64289699,11.6438,12.475,10.78
12,18,352518122,0,J,25.08552343,1814.735897,0.057390983,3.345265046,0.686587976,0.95193797,1.47,6821,19.80457772,66.83009663,11.7188,12.351,11.048
12,18,352812109,0,,13.39785976,1813.764143,0.006408617,13.61450657,1.4286393,1.5214601,,6401.6802,53.16051337,36.89813327,11.6532,12.425,10.788
12,18,353555881,0,,8.836977608,1814.638592,0.011304188,8.395204945,1.823528964,0.75559902,0.90100002,5261,33.90568793,68.69326429,11.3373,11.96,10.589
12,18,354167700,0,J,11.2378031,1802.239415,0.006864502,2.493042992,0.281828643,1.23306,1.05,5828,346.1054417,72.20246974,11.986,12.6,11.259
12,18,354290110,0,J,21.27262219,1802.039209,0.019250005,3.234441756,0.455803438,1.39384,1.063,5872,346.557547,74.36915451,11.5414,12.172,10.87
12,18,354315503,1,EB,31.57080347,1805.658909,0.027596836,7.546318211,3.351746054,1.72768,1.21,6250,27.78076717,53.83894427,11.5313,11.636,10.96
12,18,354598115,0,Variable source,21.04120577,1803.987576,0.01542056,8.027902592,2.032254946,1.54038,1.6,7173,6.050408157,58.76585889,11.9722,12.483,11.367
12,18,354625981,0,Variable source,32.90417195,1807.521735,0.023379347,9.614372258,4.31602695,1.9563299,1.49,6876,28.75974052,50.71290953,11.1663,11.502,10.686
12,18,354637349,0,,24.63706935,1793.277664,0.018907577,9.141915268,1.186577351,1.62884,1.59,7144.7998,52.91173365,49.40998566,11.6292,12.15,11.021
12,18,354791951,0,,10.58787949,1803.951371,0.026410078,1.931576642,0.328828222,0.59228599,0.58174902,3877,52.95354151,48.75720656,11.7131,13.402,10.534
12,18,355890151,0,,22.62936508,1800.831397,0.010460534,4.610887193,0.570647151,2.01142,1.14,6093,54.50706723,58.30200282,11.8126,12.677,10.974
12,18,356894401,0,Blend,16.95303456,1810.282272,0.01879547,8.405139726,4.317642671,1.1241601,1.029,5754,273.2204217,58.74522359,11.6424,12.232,11.033
12,18,359128977,0,J,9.882313657,1802.335544,0.006510376,2.80093743,0.296835394,1.11343,1.049,5824,1.864651142,64.24467103,11.5073,12.124,10.883
12,18,359247841,0,,21.17063723,1814.843615,0.01615555,5.19319387,2.483368352,1.51419,1.23,6291,1.784898216,60.56862423,11.4868,11.93,10.867
12,18,359334962,0,,14.96863631,1802.084957,0.00691386,5.593841141,0.458401167,1.6365499,1.1799999,6178,2.114786404,62.98852936,11.3975,11.8,10.659
12,18,359345813,0,,19.52926092,1801.839511,0.00505573,8.381742646,0.635887033,2.4969001,1.71,7443,4.617099462,65.03645302,11.7928,12.497,11.004
12,18,359430575,0,J,7.081427582,1802.165253,0.001967352,9.132379108,0.438030415,1.4514,1.0599999,5862,4.705879752,64.20295375,11.3747,11.757,10.648
12,18,359585335,0,J,16.44028496,1814.59584,0.005364513,4.067611198,0.305038617,2.04057,1.47,6809,279.7251984,57.48321675,11.6618,12.142,11.205
12,18,359982128,0,J,27.40680401,1801.042068,0.008454397,6.124807025,0.572052597,2.7097199,1.3099999,6463,300.4244655,66.79229511,11.4543,11.9965,10.824
12,18,362103424,0,,24.26159714,1814.248063,0.056086618,6.373050177,1.257246142,0.93131602,1.051,5831,268.1928762,66.39708569,11.6807,12.168,11.096
12,18,362103921,0,Blend,17.04233558,1792.443206,0.036545534,5.057586585,2.587506297,0.81043702,0.81800002,4959,268.1859792,67.64239643,11.4705,12.276,10.563
12,18,362132147,0,J,13.54571162,1814.419706,0.004936994,6.021382995,0.494100091,1.75258,1.42,6698,270.915194,58.55708033,11.9883,12.332,11.547
12,18,363809020,1,PC,15.99490631,1799.917908,0.007177721,3.228620645,0.372233844,1.71631,,4974,5.878728392,68.44164481,11.7524,12.656,10.887
12,18,363812045,0,,22.63396642,1814.622214,0.006357275,4.34659489,0.388868847,2.5806701,1.91,7937,5.740744654,67.16269626,11.763,12.566,10.955
12,18,365673595,0,,10.5937983,1814.620624,0.005087402,3.838622108,0.293968275,1.35024,1.052,5836,313.2574345,64.02659979,11.9838,12.674,11.22
12,18,366026167,0,,36.96271435,1802.184657,0.014429519,3.973284177,1.858117818,2.7973399,1.6,7178,356.4447672,65.95389144,11.6517,12.379,10.88
12,18,366471479,0,,27.20891457,1814.599068,0.015312505,4.093477096,1.878527255,1.99892,1.17,6155,330.2405734,72.68285841,11.565,12.401,10.932
12,18,368100256,1,,6.791613283,1800.498654,0.005661319,5.104538819,0.447933457,0.82058102,1.0369999,5783,356.994304,65.96184599,11.8362,12.527,11.181
12,18,368109580,0,,35.84566722,1814.654132,0.024761087,2.218935927,0.62652924,2.0709,2.03,8267,357.2340056,69.72884619,11.9256,12.255,11.391
12,18,368518999,1,,20.37296166,1813.742072,0.036865444,1.972713165,0.829396866,0.96460998,0.82999998,5005,11.95620085,67.07875224,11.5022,12.325,10.629
12,18,369239788,0,,7.646603684,1814.614433,0.00576792,5.803720564,0.447664869,0.91530597,1.528,6971,31.0463512,69.086494,11.0141,11.489,10.31
12,18,369727757,0,J,11.80059494,1792.140974,0.004521451,4.36778183,0.342101013,1.59541,2.03,8258,3.825845497,57.52350284,11.7381,11.662,11.408
12,18,369826421,0,J,15.69483824,1814.513596,0.005995998,9.556410253,0.766907448,1.84261,,7419,3.918503133,58.36414502,11.378,11.516,10.883
12,18,370118699,0,J,17.62461555,1801.854531,0.015008297,3.39502762,0.489047288,1.30786,1.386,6618,21.77905472,57.11718298,11.4019,11.853,10.795
12,18,370129501,0,J,28.48310219,1801.853994,0.01885056,2.605095053,0.350807506,1.88596,1.485,6856,21.94650186,58.98980684,11.6341,12.093,11.056
12,18,370428710,0,J,11.15074194,1814.65206,0.007377903,5.413116866,0.712132036,1.1801701,1.0650001,5878,22.48800965,57.81571483,11.5069,12.133,10.792
12,18,370430666,0,J,21.026028,1814.639235,0.00788018,5.674740487,0.628201741,2.15326,1.283,6399,22.54906404,58.52617258,11.4692,12.015,10.784
12,18,371004188,0,,19.3951548,1800.789738,0.020580123,10.47327665,5.551669488,1.2290699,1.2359999,6299,29.17366251,57.04983923,11.1224,11.643,10.558
12,18,371302909,0,J,15.02498298,1801.671614,0.006254789,3.534529822,0.303713082,1.72709,1.193,6207,329.3734904,66.57110219,11.3572,11.736,10.713
12,18,372194150,0,J,21.64587568,1790.94129,0.012345208,4.945519901,0.55380226,1.77106,1.79,7656,37.95760117,56.44215089,11.691,12.086,11.153
12,18,372640628,0,,8.964984961,1814.632554,0.011298534,3.035638049,0.379997643,0.76673597,0.92799997,5361,311.2345152,63.60552408,11.6159,12.343,10.884
12,18,372728879,0,J,24.14435919,1814.664889,0.011712861,3.769612397,0.426335642,2.02811,2.3699999,9331,25.84592111,65.34882642,11.455,11.935,11.082
12,18,373232737,0,J,20.23820565,1814.093742,0.0092127,4.32057946,0.476604021,1.91684,1.406,6663,1.768444665,72.92814834,11.545,12.112,10.859
12,18,373953096,0,J,20.75733402,1814.671395,0.009262467,5.783075934,0.886717545,1.9607199,1.21,6254,28.325657,64.94112904,11.7809,12.519,11.003
12,18,374219058,0,J,21.64371488,1814.627033,0.007858233,5.75721029,0.490922961,2.21961,1.92,7967,34.17699903,65.08419088,11.346,11.693,10.798
12,18,376499395,0,,12.55553794,1802.117064,0.006565485,2.128801931,0.299431211,1.4086699,,6363,339.6246604,67.55378768,11.6937,12.347,10.874
12,18,376500342,0,,10.64380709,1802.130157,0.002956438,6.266463393,0.364373777,1.77959,1.17,6154,339.5867639,67.11194234,11.7291,12.419,11.046
12,18,376545470,0,J,21.97898941,1802.028344,0.024394508,7.27087485,3.848150525,1.27929,1.0700001,5895,339.8814288,67.78391617,11.8484,12.55,11.101
12,18,376680221,0,J,16.39930416,1802.050943,0.010297954,3.36723225,1.075496421,1.46912,1.38,6606,340.3727152,67.74145051,11.4287,11.663,10.865
12,18,376967212,0,J,15.23744745,1802.01353,0.021945536,9.907666894,1.311713402,0.93507499,0.97899997,5558,341.6737531,69.72253735,11.8734,12.595,11.171
12,18,377071333,0,Blend,14.34093603,1796.68697,0.025468611,5.021555561,2.530043825,0.81692499,0.86799997,5144,342.2857167,71.76922936,11.89,12.6,11.13
12,18,377612844,0,J,14.90668532,1802.291336,0.005498665,2.794362286,0.239826979,1.82751,1.619,7216,348.2968363,62.18320598,11.0596,11.505,10.674
12,18,377613177,0,J,63.43161318,1802.307139,0.103208768,15.13011604,13.13463436,1.79496,1.141,6087,348.184769,62.07997415,11.2899,11.765,10.7
12,18,377670573,0,J,17.82573566,1802.295461,0.006418186,4.521422903,0.374821978,2.0227799,1.005,5659,348.4091379,61.94841142,11.1046,11.625,10.393
12,18,377976204,1,,9.462064708,1797.414499,0.010619442,5.376694739,1.385463468,0.834723,0.972,5528,348.799891,65.74276283,11.8643,12.533,11.141
12,18,378381571,1,,27.44117546,1807.484363,0.02051862,10.77759108,4.037229169,1.74155,1.76,7579,358.2836083,62.96114645,11.2737,11.712,10.705
12,18,378469571,1,,21.14289523,1804.838872,0.011517989,6.993565942,0.780872902,1.7909499,1.9299999,8008,358.4249371,64.83527218,11.7125,11.63,11.112
12,18,378585741,0,J,9.043594474,1802.124646,0.00228083,4.826756335,0.262046234,1.72148,1.006,5665,0.741411431,70.4731511,11.0733,11.534,10.347
12,18,378925488,0,J,27.82621069,1802.019367,0.011782452,6.33902652,0.730240684,2.3304701,,9286,10.55091019,69.00037902,11.875,12.597,11.058
12,18,378943263,0,J,11.42598403,1801.977419,0.006940668,1.920596818,0.171428843,1.24681,1.37,6591,15.26053129,66.34048053,11.3946,12.433,10.676
12,18,379475331,0,J,9.706865209,1814.638827,0.009546755,5.482501951,0.568257237,0.90314698,0.97000003,5522,30.50488826,66.35901773,11.7419,12.415,11.019
12,18,379525328,0,J,38.53185232,1814.607592,0.035201873,4.993940264,2.493048557,1.867,0.95999998,5483,30.36041041,71.13280881,11.9283,12.762,11.069
12,18,379628918,0,J,6.065051647,1814.686976,0.00546991,3.06536227,0.305677571,0.745507,0.79900002,4890,34.52182095,71.16265656,11.5035,12.32,10.66
12,18,379630909,0,J,11.18530234,1814.598195,0.019667438,2.902277694,0.418560292,0.72507203,0.87900001,5183,34.47173238,69.59324776,11.8974,12.993,10.901
12,18,381583772,0,J,13.3928533,1814.828364,0.009113426,2.661095915,0.318334451,1.27538,1.05,5823.3301,30.25866904,39.50677996,11.9381,12.456,11.282
12,18,381590500,0,J,19.20855556,1814.824815,0.009831532,2.381396013,0.272291764,1.76113,1.17,6165.48,30.51069492,40.13796665,11.461,12.276,10.906
12,18,381590864,0,J,22.46561514,1814.798063,0.02259823,4.904365351,2.676550037,1.35859,1.04,5794,30.43563582,39.56622964,11.3033,11.706,10.662
12,18,381651033,0,J,13.49421495,1814.817226,0.015154612,1.843223004,0.282476313,0.996512,,5672.5898,30.70824948,39.98971,11.219,11.749,10.393
12,18,381659438,0,J,14.2522176,1800.805697,0.009509085,2.948385275,0.287312565,1.32868,1.16,6139,30.76221208,37.21586647,11.4585,12.082,10.888
12,18,385042617,1,,17.65235044,1810.03851,0.030618335,12.78535511,6.876907592,0.91710502,0.713,4531,50.47515004,46.7792957,11.1231,12.066,10.137
12,18,385153046,0,J,30.75536576,1792.143749,0.088156309,7.063725878,3.037902166,0.94167602,1.151,6111.6001,51.21302706,47.89548042,11.178,11.885,10.451
12,18,387627653,0,J,23.45837027,1801.712181,0.016267356,6.743475146,3.90316225,1.67204,1.059,5858,313.3378201,71.70891398,11.7176,12.172,11.036
12,18,387634754,0,J,22.52539385,1801.64485,0.021024119,9.606376084,4.889578201,1.41228,1.059,5860,313.8689943,66.85248841,11.9723,12.756,11.227
12,18,387681431,0,,12.26802074,1801.656762,0.006764732,2.70084352,0.257223061,1.3559901,0.99599999,5623,314.2311278,69.53331736,11.0331,12.058,10.376
12,18,387953331,0,J,10.78400386,1801.687376,0.004970802,5.288170723,0.511993692,1.39051,1.249,6327,316.7284931,69.64536744,11.641,12.169,11.066
12,18,388040769,1,,26.35784419,1807.024001,0.012282502,2.7548259,0.924394086,2.1620901,1.3200001,6477,317.6857227,69.22178135,11.5609,12.185,10.918
12,18,388078941,0,J,16.09395589,1814.624975,0.010212147,7.353490788,1.043545983,1.4478101,1.505,6908,318.0428003,71.22223815,11.6409,12.431,10.872
12,18,388580996,0,,27.28979384,1814.180443,0.047359318,6.075235076,1.125548596,1.14,,5796,359.7482955,81.8727134,11.9277,12.179,11.128
12,18,389458894,0,,69.21811902,1801.917827,0.103918912,16.02968327,14.63669878,1.952,1.6900001,7398,22.50531013,63.53458013,11.7766,11.886,10.994
12,18,389632051,1,,18.92902466,1805.648858,0.007494359,4.366467777,0.494566451,1.98778,2.4200001,9502,22.93555247,61.01338269,11.6251,11.895,11.105
12,18,390045892,1,,23.3049408,1794.217576,0.018819252,3.557190661,1.315462577,1.5443799,1.235,6296,23.73160718,64.77663388,11.8883,12.607,11.143
12,18,390739416,0,J,25.83637507,1814.638853,0.010294781,8.063159986,2.311670461,2.3148899,,9184,43.88321759,63.55756555,11.2939,11.691,10.647
12,18,392571811,0,J,27.91179237,1814.614281,0.011638697,1.820397739,0.206863071,2.35203,0.95999998,5472,280.5322091,58.84653466,11.6811,12.339,10.985
12,18,396166886,0,J,36.65207267,1790.939178,0.054665702,15.13277693,11.30329007,1.42511,1.37,6593,39.25575598,72.06265282,11.5217,11.974,10.989
12,18,396167035,0,J,32.87947772,1814.615496,0.01142795,4.235235802,1.843686527,2.7960701,1.45,6776,39.34170455,72.17437694,11.5875,12.194,10.947
12,18,396449182,0,J,16.7218118,1814.566899,0.018267087,6.846540492,0.966004158,1.12475,1.457,6787,42.92749629,72.36679424,11.2842,12.028,10.563
12,18,396555505,0,J,34.59464239,1814.58512,0.054803551,17.44002173,10.84665683,1.34342,1.039,5791.54,39.10930707,42.3219255,11.9512,12.561,11.31
12,18,396607112,0,J,9.089571595,1814.745135,0.045473937,3.071901468,0.751516168,0.38749799,0.37729999,3608,45.10594208,72.75475515,11.5066,13.435,10.139
12,18,396678490,0,J,41.87300245,1790.9373,0.068304596,13.56036393,10.62741913,1.45652,0.97500002,5540,46.4890844,72.12919203,11.3847,11.999,10.668
12,18,396715570,0,J,24.62624815,1814.255953,0.012824019,8.972602169,0.944275724,1.97694,,7797,46.72616818,73.50541237,11.4772,12.636,10.435
12,18,396718866,0,,17.02350206,1814.415304,0.019895221,3.043039767,0.391115489,1.09719,1.001,5642,47.0801067,73.75349098,11.4022,12.018,10.749
12,18,397280527,0,J,7.669330864,1814.631623,0.012850208,9.441336499,2.229058732,0.615049,0.68900001,4402,45.75623255,69.0183497,11.9125,12.961,10.907
12,18,397762695,1,,14.59781198,1792.299563,0.006521476,7.704723888,1.506672957,1.64332,,6871,6.798935991,69.93086397,11.6835,12.615,10.731
12,18,398286781,1,EB,30.82804599,1808.415091,0.030016426,4.451219842,1.971089478,1.61761,1,5647,340.3130902,83.49080407,11.8111,12.612,10.967
12,18,399623373,0,,16.88144576,1814.629974,0.007748807,9.876947212,2.070245784,1.74341,1.3,6439,46.89913341,70.17648833,11.5778,12.386,10.788
12,18,399624761,0,,67.11643069,1790.943482,0.117527552,18.43511202,16.76337261,1.77978,1.3,6425,46.80389799,68.7734074,11.8584,12.561,11.136
12,18,399721269,0,,8.858242125,1813.956229,0.009503518,6.938687059,2.493064602,0.82606202,0.96100003,5485,21.66124908,80.37708731,11.3737,11.668,10.743
12,18,399737039,0,,5.714494225,1814.497778,0.004177052,4.291786059,0.436251514,0.80380398,0.83600003,5025,25.74398669,79.25107453,11.4114,12.111,10.632
12,18,399787604,0,,8.322890517,1801.11432,0.004350637,12.45314652,0.816932841,1.14711,1.034,5773,278.014899,59.55258197,11.4681,12.167,10.8
12,18,400243700,0,Blend,33.82766511,1810.074116,0.009823474,5.515960022,1.382007382,3.1027501,1.11,6006,358.7984989,62.26834485,11.7043,12.382,11.059
12,18,400254753,0,Variable source,30.1526521,1807.907124,0.01833068,8.729551716,2.051996472,2.0246201,1.6,7159,358.8764534,65.48647652,11.2503,11.991,10.574
12,18,400351578,1,,11.03710296,1810.187295,0.016146468,10.54380896,3.957319064,0.78963,0.88499999,5204,359.2196463,61.76480092,11.628,12.471,10.787
12,18,400500051,0,,17.09675382,1801.539279,0.008177139,3.927807007,0.350185992,1.71878,2.01,8218,25.05065468,54.38881866,11.3492,11.219,11.029
12,18,400819568,0,,28.84166069,1814.597026,0.008111796,6.535081314,0.569345587,2.91118,1.34,6522,30.87135667,64.60836217,11.7275,12.507,10.915
12,18,401500241,0,,29.0966468,1814.557457,0.027851428,3.052445391,0.463283396,1.58499,,6729,40.60079373,81.69770759,11.645,12.317,10.902
12,18,402204599,1,,23.40371246,1791.529191,0.024264168,6.360772813,0.937796484,1.36587,1.08,5917,27.65273533,40.96288017,11.6825,12.21,11.075
12,18,402812505,0,Variable source,54.87585288,1798.36887,0.07342216,21.44198799,14.32327647,1.84109,1.35,6537,27.90417191,69.83697963,11.4472,11.765,10.771
12,18,403038138,0,,19.9411481,1800.776572,0.004971806,4.516986157,0.368152875,2.5709901,1.28,6384.9502,29.14793665,42.65567895,11.2544,11.753,10.686
12,18,403041216,0,Blend,18.53764684,1805.23854,0.010961135,6.488591518,2.93411015,1.60966,1.46,6784,29.19479303,46.80716635,11.3844,11.704,10.912
12,18,403329142,0,,17.25288564,1801.425025,0.008495372,10.72716952,0.959870521,1.7016799,1.09,5949,304.0436456,68.74629757,11.3105,12.111,10.563
12,18,406535424,0,,25.09475992,1814.27699,0.018863197,2.139755125,0.427850581,1.66105,1.38,6597,312.6932588,79.41087681,11.9747,12.506,11.338
12,18,406895007,0,,17.24858527,1802.300324,0.008015234,4.028227628,0.357485013,1.75147,1.16,6127,1.58116423,63.26065643,11.2226,11.806,10.525
12,18,407025496,0,,22.76526133,1802.281436,0.005782868,2.010710829,0.190694931,2.7214999,2.02,8238,5.714820778,65.70255236,11.3772,11.938,10.66
12,18,407121915,0,,14.86819218,1802.092242,0.006780387,3.777039352,0.598568927,1.64149,1.15,6109,6.11267068,70.72891975,11.6025,12.55,10.808
12,18,407426646,0,,13.11888577,1813.780059,0.009106725,14.14319889,1.403675087,1.24975,1.003,5653,5.626792916,72.0321341,11.7863,12.48,11.019
12,18,407539207,1,EB,38.18091886,1804.201815,0.031135721,4.191776834,1.929414774,1.96709,1.135,6072,326.178928,64.64233045,11.0692,11.795,10.402
12,18,408578233,0,,5.652434736,1814.598114,0.005885049,6.304079529,0.528047074,0.66983497,0.73100001,4614,43.00166677,67.41508651,11.6923,12.964,10.565
12,18,409522621,1,,37.63792256,1804.733752,0.042704255,3.565813245,1.811255137,1.65576,1.16,6123.9399,35.39501225,43.37416131,11.7724,12.246,11.203
12,18,409522628,0,Blend,29.18889185,1804.734288,0.035410458,3.73059902,1.852980846,1.41013,1.36,6558.2798,35.39675374,43.38415081,11.8602,12.378,11.294
12,18,410501312,0,,28.00390141,1801.532268,0.019434956,2.324527378,0.482154992,1.82614,1.8,7672,26.05529389,50.5832403,11.4683,11.912,11.089
12,18,410702880,0,Blend,21.90474343,1810.535672,0.01162291,11.37537275,4.836212281,1.84709,1.3559999,6552.3101,51.84711602,51.58661377,11.7615,12.796,10.799
12,18,411576238,0,,11.73446013,1814.561498,0.018579001,3.944511412,0.519253479,0.78263497,0.88300002,5196,328.797385,63.75084326,11.5924,12.201,10.837
12,18,416092843,0,,30.42458852,1791.874003,0.021737866,5.826422285,1.350123213,1.87596,1.133,6067,49.52830718,46.54943021,11.0667,11.456,10.351
12,18,417702591,0,,10.7325962,1802.159882,0.009084747,2.762301212,0.28985517,1.0236599,1.197,6216,348.7603887,73.81218854,11.4505,12.018,10.751
12,18,418300610,0,Blend,10.92653291,1811.60414,0.017078978,7.443580816,4.197545639,0.76007903,0.708,4504,323.6046946,73.92250733,11.5316,12.581,10.534
12,18,419531077,0,,21.17079808,1792.214334,0.008056274,7.128409889,0.62514846,2.1442599,1.05,5829,8.351608859,61.21550398,11.9371,12.71,11.171
12,18,420024364,0,,22.81185391,1801.920312,0.008506028,5.12541339,0.678302082,2.24856,2.0999999,8446,10.88822885,60.2349005,11.9684,12.475,11.484
12,18,420132156,1,EB,31.78686726,1813.240699,0.023184379,4.218413205,1.323763017,1.89783,0.99000001,5618,291.128459,72.55277726,11.3243,11.978,10.564
12,18,420288295,0,,19.57924389,1801.97843,0.010417017,2.467848759,0.364460605,1.74394,1.489,6868,11.0024464,62.87366392,11.7694,12.404,10.983
12,18,420303415,0,,8.239640104,1814.319014,0.004101138,5.566723757,0.349580884,1.16967,1.0700001,5884,313.1842134,84.4113717,11.2559,11.895,10.593
12,18,420843589,0,,24.49904763,1801.86191,0.024616016,4.526412832,0.627140386,1.41954,1.215,6254,11.37040602,61.39983158,11.3253,11.911,10.681
12,18,420898490,0,,27.49610788,1814.239862,0.029307987,5.014968426,1.795271952,1.4601099,1.27,6369,273.410669,50.19618272,11.4607,11.484,10.914
12,18,421111351,0,Variable source,33.14582444,1810.926753,0.014198977,9.17444363,4.004584368,2.52876,0.94999999,5447,11.44102963,65.77162838,11.5933,12.426,10.738
12,18,421117672,0,,25.05179871,1801.914235,0.011531909,4.036480606,1.103353198,2.12078,1.1,5992,11.5615434,63.47071508,11.8266,12.638,10.941
12,18,421118163,0,,36.6760615,1814.632624,0.021007448,10.85562237,3.860061616,2.3004,1.6,7167,11.56538534,65.53960063,11.8137,12.469,11.071
12,18,421965988,0,,24.24106684,1814.852966,0.008516556,1.867562311,0.227828233,2.38796,1.54,6990,21.56283031,63.15020853,11.1768,12.113,10.362
12,18,421973372,0,,22.30623929,1814.662075,0.028459647,4.434681412,0.669507986,1.20204,1.0650001,5879,21.99223792,65.57314539,11.7359,12.098,10.981
12,18,422755399,0,,5.62324814,1814.028858,0.004392389,8.130543039,0.592847157,0.77133697,0.86500001,5131,21.98203817,72.76849985,11.69,12.418,10.917
12,18,422960767,0,,28.14314107,1790.923004,0.013597245,4.408922904,0.534412183,2.1940899,1.13,6060,40.26913558,47.74880101,11.8394,12.414,11.193
12,18,424284136,0,,13.5485904,1814.656938,0.014886418,4.456855638,0.898694175,1.0095,0.86400002,5130,42.60285239,63.24981961,11.5607,12.339,10.776
12,18,424730367,0,,17.33745922,1814.65054,0.005317054,2.255092189,0.182165469,2.16151,0.92000002,5324,255.2141797,65.61609994,11.2199,11.869,10.498
12,18,427237696,0,,20.77643121,1801.686158,0.005483848,4.728785795,0.497967507,2.55056,1.3200001,6484,322.0690737,65.00619956,11.634,12.58,11.003
12,18,427644110,0,,18.75675952,1814.627228,0.009880621,5.67982442,0.555368611,1.71543,1.62,7218,26.42368777,69.07618755,11.9773,12.591,11.307
12,18,427754008,1,EB,34.75403289,1806.250396,0.021001596,6.944493261,2.889925059,2.18015,,8484,352.4304427,68.99339791,11.4609,12.243,10.636
12,18,427850458,0,,9.571380607,1802.236113,0.00316443,5.274268951,0.341152712,1.5468,,6643,353.3292155,66.67043636,11.9469,13.086,10.778
12,18,428329521,0,,27.18939632,1800.83126,0.017583041,8.149716276,4.071493588,1.86406,1.13,6052.1201,55.38131251,51.03483682,11.8211,12.623,11.036
12,18,428378998,0,Blend,15.76101172,1807.850523,0.019758077,10.19587937,5.386137434,1.01934,1.3099999,6457,5.333143803,65.06073568,11.0445,11.385,10.406
12,18,428393838,0,,74.91735066,1800.661557,0.104322679,31.28810488,29.26608553,2.1086299,0.94999999,5440.3198,55.57009128,51.16630765,11.7065,12.64,10.8
12,18,428395455,0,,44.16167205,1800.670112,0.053945699,9.265645615,5.169847642,1.72852,2.0699999,8370,55.57582527,52.02361717,11.9893,12.556,11.32
12,18,428453612,0,,26.21457658,1800.407399,0.011988009,7.447111181,1.224533964,2.17659,1.279,6389,55.65688101,49.59220648,11.1723,11.817,10.495
12,18,428458953,0,,21.8222996,1792.964351,0.011077782,3.730692622,0.464909932,1.8848701,2.3800001,9384,55.73718641,48.76639252,11.0207,11.569,10.58
12,18,428461692,0,,26.57071603,1792.146597,0.022236216,8.376318153,1.119389231,1.6198699,1.074,5906,55.9235957,48.55275884,11.842,12.638,10.983
12,18,428463569,0,,19.51379702,1792.155019,0.020078816,8.203929528,1.055674353,1.25193,0.99900001,5637,55.81979686,49.5367799,11.6869,12.368,10.931
12,18,428533605,0,,17.37804484,1792.152226,0.028020558,8.51835089,1.267158902,0.94377798,0.64899999,4148.1201,56.23251747,49.08302144,11.9753,13.185,10.857
12,18,428989910,1,PC,15.7111698,1794.689758,0.00579292,5.058726314,0.498702375,1.87658,1.22,6262,350.1516692,80.92846231,11.7773,12.474,11.064
12,18,430327250,0,,10.28571886,1800.724855,0.010183268,6.745432848,0.701231512,0.92661297,0.88800001,5215,28.53105274,41.57951771,11.9842,12.655,11.009
12,18,431925646,1,,19.51354048,1792.720091,0.016595627,7.724928207,3.316751984,1.37704,1.2539999,6338,56.25289538,43.77769849,11.1114,11.792,10.408
12,18,432018436,0,,33.87926802,1803.529292,0.020050083,4.029580492,1.20276512,2.1751201,2.03,8259,56.98777238,45.0629482,11.4077,11.701,10.969
12,18,433206474,0,,36.89321863,1800.850448,0.039138516,11.69173894,6.435865986,1.69532,1.53,6968.5098,40.64156172,36.75372183,11.3734,11.565,10.938
12,18,433693535,0,Blend,24.73509957,1798.909788,0.018743115,3.251999034,1.387692272,1.64248,2.0599999,8331,341.2742096,65.46508431,11.5046,11.712,10.995
12,18,434263716,0,,14.88511708,1802.096501,0.013344469,3.671889226,1.235836203,1.17141,0.95999998,5484,344.8303982,64.12355126,11.8983,12.813,11.027
12,18,434539938,0,,18.34040422,1801.82004,0.006990287,4.552076012,0.400993888,1.9942,2.3900001,9416,345.1874346,63.74014547,11.7563,12.227,11.104
12,18,434633264,0,,26.79480616,1802.095009,0.02034164,3.118306248,0.749478906,1.7079099,0.98000002,5559,345.6026092,62.13015793,11.2765,12.255,10.49
12,18,434717508,0,,9.279891833,1802.307107,0.01029752,4.591787115,0.61676606,0.83135003,0.98799998,5590,345.8420347,63.18949616,11.9304,12.652,11.204
12,18,435271257,0,,16.06798886,1802.199473,0.008250479,4.94512849,0.452222518,1.60816,1.26,6356,346.6135565,62.55128257,11.9431,12.594,11.183
12,18,444317331,0,,18.02541051,1802.061391,0.030777385,5.41384736,0.844083312,0.93406397,1.025,5736,358.3932222,59.54906614,11.5271,11.733,10.878
12,18,444560246,0,,20.46865759,1801.99344,0.025846185,1.733622609,0.253585179,1.1574399,1.03,5748,19.85164921,65.02114497,11.2694,11.939,10.545
12,18,444792278,0,,9.789192916,1814.719848,0.010487738,3.388944223,0.444453735,0.86898702,1.1059999,5998,25.40036257,64.55580986,11.9332,12.6,11.208
12,18,445309878,0,,13.1342074,1814.603937,0.012250354,7.651399678,1.34407877,1.0787899,1.043,5803,13.52891209,55.03303669,11.8128,12.386,11.14
12,18,445311177,0,,15.5774609,1801.936038,0.005980028,5.368665062,0.429024691,1.83127,2.3,9105,13.41514171,55.61975236,11.8656,12.088,11.518
12,18,445340718,0,Blend,44.23373634,1809.729763,0.076905239,18.31640294,10.65652861,1.45005,,6444,13.84828798,56.81363868,11.2647,11.675,10.618
12,18,445399323,0,Blend,16.00970624,1800.1298,0.009267284,7.30851445,0.765539128,1.51187,0.995,5618,14.56472616,59.4155382,11.5688,12.227,10.844
12,18,449938441,0,,26.00512708,1792.04551,0.039782372,6.179868584,1.199507051,1.18528,1.277,6386,54.30398951,49.081117,11.9051,12.4902,9.6409998
12,18,450005010,0,,18.9144326,1801.687328,0.012144184,5.559666077,2.207981212,1.56033,2.0899999,8427,8.883276373,54.7908575,11.909,12.283,11.459
12,18,450148977,0,Blend,19.41039849,1806.341901,0.008123237,4.763778985,0.794260509,1.95784,,7742,42.83544602,57.40376341,11.8559,12.677,10.94
12,18,450161337,0,Blend,21.11921281,1797.240035,0.015232606,8.464036008,3.65826566,1.5556,0.98000002,5564,54.86524314,55.72150431,11.8799,12.89,10.897
12,18,453010949,0,,31.54721393,1801.974826,0.037168082,2.425894286,1.130395153,1.48759,,5763.5601,9.220712278,55.77135996,11.1094,11.499,10.34
12,18,453011259,0,,27.87078301,1801.974535,0.04799701,2.394877828,0.529851717,1.15651,1.163,6138,9.087369076,55.6234737,11.2096,11.521,10.612
12,18,458817276,0,Variable source,35.28822167,1812.470671,0.023407109,7.204607943,3.449944185,2.0968299,1.58,7109.9399,50.22032411,55.6411496,11.3371,11.772,10.639
12,18,458970570,0,,9.859237491,1814.642772,0.011802626,4.155560694,0.431421631,0.825014,0.92500001,5350,50.58621453,63.66803969,11.5882,12.479,10.652
12,18,459969957,1,,9.540511672,1808.964633,0.011609966,4.519925629,0.49299502,0.80493999,0.74699998,4684,254.8169106,65.74711792,11.8994,12.784,10.997
12,18,461338680,0,,21.06684591,1802.344292,0.006598201,1.929412876,0.274758365,2.3577299,1.26,6357,2.261295996,68.25664064,11.5397,12.388,10.714
12,18,461357477,0,,13.03923078,1802.252955,0.00400854,4.873244721,0.324605821,1.87226,0.92900002,5365,2.370331193,67.73328546,11.6713,12.538,10.875
12,18,461362677,0,Blend,29.83313538,1812.997212,0.026630328,5.9191059,3.07715389,1.66195,,6919,2.467752642,70.69871049,11.0444,11.735,9.7080002
12,18,461384287,0,,7.836184826,1802.042751,0.007207611,5.433160696,0.449045899,0.83910501,0.81699997,4955,2.868861217,66.43470666,11.292,12.133,10.482
12,18,461495532,0,Blend,38.8612008,1800.003194,0.122393718,5.387091193,2.831229565,1.00982,1.084,5936,328.4581124,85.44886665,11.2435,11.504,10.639
12,18,462616775,0,,12.46100542,1814.607551,0.011668587,5.209405085,0.661108733,1.0487,1.007,5669,251.1816885,65.03934628,11.9359,12.155,11.299
12,18,467180791,0,,44.39548765,1801.473146,0.04672434,3.63545236,2.093562624,1.86713,1.25,6330,291.7828266,59.63667973,11.9779,12.484,11.455
12,18,467833501,0,,8.613912411,1800.339703,0.005750103,7.321788708,0.742319237,1.03269,0.96100003,5486,58.53767817,40.23973315,11.1328,11.622,10.407
12,18,468671557,1,EB,29.6833482,1811.723905,0.112870947,3.549392556,1.557226755,0.80321002,1.0089999,5674,19.06003823,75.34537992,11.8076,12.541,10.997
12,18,470165391,0,,17.91139171,1814.327963,0.012252489,5.312901298,0.549625721,1.47104,1.2,6217,334.6305431,81.7590316,11.3846,11.993,10.743
12,18,470194409,0,Blend,21.26920153,1798.156374,0.034770405,7.439101784,4.008704479,1.03694,1.05,5838,336.2360392,81.10967938,11.9838,12.712,11.323
12,18,470725160,0,,33.2125182,1802.102111,0.007454177,2.672377343,0.501346849,3.4971099,1.23,6281,357.7220062,65.61067722,11.1295,12.086,10.346
12,18,470790289,0,,9.156673727,1814.658596,0.01105833,4.801659479,0.631812297,0.79158998,0.88,5188,23.00661164,57.42907733,11.062,11.743,10.338
12,18,470795648,0,,19.59187427,1791.897854,0.013731004,2.739638307,0.433667266,1.51996,1.52,6953,22.94804675,59.47671799,11.4852,11.896,10.952
12,18,470817402,0,,15.38608628,1814.801064,0.014374156,3.28525985,1.128008914,1.16666,1.164,6140,23.37237059,57.09208601,11.4473,12.043,10.771
12,18,470897588,0,Variable source,28.70365727,1800.83516,0.027766573,7.104722064,2.277336524,1.5659699,1.49,6871,42.3482235,59.15426946,11.2921,11.852,10.643
12,18,470925130,0,,23.77788707,1802.066188,0.007082421,4.658612163,0.451316219,2.5685599,1,5650,1.719649653,69.61804398,11.5172,12.265,10.752
12,18,628180313,0,,11.60031322,1814.683623,0.010906448,4.427995359,0.54380396,1.0098,0.98500001,5581,29.7551354,65.38856199,11.8908,12.6169,
12,18,1551345500,1,PC,10.51190181,1796.300253,0.024097395,1.978874509,0.703530374,0.61560702,0.69,4415,277.2918949,55.31315158,11.2018,12.2979,
12,18,1981281377,0,,10.74328303,1801.28031,0.005784565,7.255388443,0.647728005,1.28413,1.14,6087,304.0241334,70.20616917,11.1523,11.6714,